,Time[s],Speed[mph],Speed[m/s]
0,0,0.0,0.0
1,1,0.0,0.0
2,2,0.0,0.0
3,3,0.0,0.0
4,4,0.0,0.0
5,5,0.0,0.0
6,6,0.0,0.0
7,7,0.0,0.0
8,8,0.0,0.0
9,9,0.0,0.0
10,10,0.0,0.0
11,11,0.0,0.0
12,12,0.0,0.0
13,13,0.0,0.0
14,14,0.0,0.0
15,15,0.0,0.0
16,16,0.0,0.0
17,17,0.0,0.0
18,18,0.0,0.0
19,19,0.0,0.0
20,20,0.0,0.0
21,21,3.0,1.34112
22,22,5.9,2.6375360000000003
23,23,8.6,3.844544
24,24,11.5,5.140960000000001
25,25,14.3,6.392672000000001
26,26,16.9,7.554976
27,27,17.3,7.733792000000001
28,28,18.1,8.091424000000002
29,29,20.7,9.253728
30,30,21.7,9.700768
31,31,22.4,10.013696
32,32,22.5,10.058399999999999
33,33,22.1,9.879584000000001
34,34,21.5,9.611360000000001
35,35,20.9,9.343136
36,36,20.4,9.119615999999999
37,37,19.8,8.851392
38,38,17.0,7.59968
39,39,14.9,6.660896000000001
40,40,14.9,6.660896000000001
41,41,15.2,6.795007999999999
42,42,15.5,6.92912
43,43,16.0,7.15264
44,44,17.1,7.6443840000000005
45,45,19.1,8.538464000000001
46,46,21.1,9.432544000000002
47,47,22.7,10.147808000000001
48,48,22.9,10.237216
49,49,22.7,10.147808000000001
50,50,22.6,10.103104000000002
51,51,21.3,9.521952
52,52,19.0,8.49376
53,53,17.1,7.6443840000000005
54,54,15.8,7.063232000000001
55,55,15.8,7.063232000000001
56,56,17.7,7.912608
57,57,19.8,8.851392
58,58,21.6,9.656064000000002
59,59,23.2,10.371328
60,60,24.2,10.818368
61,61,24.6,10.997184000000003
62,62,24.9,11.131296
63,63,25.0,11.176
64,64,24.6,10.997184000000003
65,65,24.5,10.95248
66,66,24.7,11.041888
67,67,24.8,11.086592000000001
68,68,24.7,11.041888
69,69,24.6,10.997184000000003
70,70,24.6,10.997184000000003
71,71,25.1,11.220704000000001
72,72,25.6,11.444224000000002
73,73,25.7,11.488928000000001
74,74,25.4,11.354816
75,75,24.9,11.131296
76,76,25.0,11.176
77,77,25.4,11.354816
78,78,26.0,11.623040000000001
79,79,26.0,11.623040000000001
80,80,25.7,11.488928000000001
81,81,26.1,11.667744
82,82,26.7,11.935968
83,83,27.5,12.293600000000001
84,84,28.6,12.785344000000002
85,85,29.3,13.098272
86,86,29.8,13.321792000000002
87,87,30.1,13.455904
88,88,30.4,13.590015999999999
89,89,30.7,13.724128
90,90,30.7,13.724128
91,91,30.5,13.63472
92,92,30.4,13.590015999999999
93,93,30.3,13.545312000000001
94,94,30.4,13.590015999999999
95,95,30.8,13.768832000000002
96,96,30.4,13.590015999999999
97,97,29.9,13.366496
98,98,29.5,13.187680000000002
99,99,29.8,13.321792000000002
100,100,30.3,13.545312000000001
101,101,30.7,13.724128
102,102,30.9,13.813536
103,103,31.0,13.85824
104,104,30.9,13.813536
105,105,30.4,13.590015999999999
106,106,29.8,13.321792000000002
107,107,29.9,13.366496
108,108,30.2,13.500608
109,109,30.7,13.724128
110,110,31.2,13.947648
111,111,31.8,14.215872000000001
112,112,32.2,14.394688000000002
113,113,32.4,14.484096
114,114,32.2,14.394688000000002
115,115,31.7,14.171168000000002
116,116,28.6,12.785344000000002
117,117,25.3,11.310112
118,118,22.0,9.83488
119,119,18.7,8.359648
120,120,15.4,6.884416000000001
121,121,12.1,5.409184
122,122,8.8,3.9339520000000006
123,123,5.5,2.45872
124,124,2.2,0.9834880000000001
125,125,0.0,0.0
126,126,0.0,0.0
127,127,0.0,0.0
128,128,0.0,0.0
129,129,0.0,0.0
130,130,0.0,0.0
131,131,0.0,0.0
132,132,0.0,0.0
133,133,0.0,0.0
134,134,0.0,0.0
135,135,0.0,0.0
136,136,0.0,0.0
137,137,0.0,0.0
138,138,0.0,0.0
139,139,0.0,0.0
140,140,0.0,0.0
141,141,0.0,0.0
142,142,0.0,0.0
143,143,0.0,0.0
144,144,0.0,0.0
145,145,0.0,0.0
146,146,0.0,0.0
147,147,0.0,0.0
148,148,0.0,0.0
149,149,0.0,0.0
150,150,0.0,0.0
151,151,0.0,0.0
152,152,0.0,0.0
153,153,0.0,0.0
154,154,0.0,0.0
155,155,0.0,0.0
156,156,0.0,0.0
157,157,0.0,0.0
158,158,0.0,0.0
159,159,0.0,0.0
160,160,0.0,0.0
161,161,0.0,0.0
162,162,0.0,0.0
163,163,0.0,0.0
164,164,3.3,1.4752319999999999
165,165,6.6,2.9504639999999998
166,166,9.9,4.425696
167,167,13.2,5.9009279999999995
168,168,16.5,7.3761600000000005
169,169,19.8,8.851392
170,170,22.2,9.924287999999999
171,171,24.3,10.863072
172,172,25.8,11.533632
173,173,26.4,11.801855999999999
174,174,25.7,11.488928000000001
175,175,25.1,11.220704000000001
176,176,24.7,11.041888
177,177,25.0,11.176
178,178,25.2,11.265407999999999
179,179,25.4,11.354816
180,180,25.8,11.533632
181,181,27.2,12.159488
182,182,26.5,11.84656
183,183,24.0,10.72896
184,184,22.7,10.147808000000001
185,185,19.4,8.672576
186,186,17.7,7.912608
187,187,17.2,7.689088
188,188,18.1,8.091424000000002
189,189,18.6,8.314944
190,190,20.0,8.940800000000001
191,191,22.2,9.924287999999999
192,192,24.5,10.95248
193,193,27.3,12.204192
194,194,30.5,13.63472
195,195,33.5,14.975840000000002
196,196,36.2,16.182848000000003
197,197,37.3,16.674591999999997
198,198,39.3,17.568672
199,199,40.5,18.10512
200,200,42.1,18.820384
201,201,43.5,19.446240000000003
202,202,45.1,20.161504000000004
203,203,46.0,20.563840000000003
204,204,46.8,20.921471999999998
205,205,47.5,21.2344
206,206,47.5,21.2344
207,207,47.3,21.144992000000002
208,208,47.2,21.100288000000003
209,209,47.0,21.010880000000004
210,210,47.0,21.010880000000004
211,211,47.0,21.010880000000004
212,212,47.0,21.010880000000004
213,213,47.0,21.010880000000004
214,214,47.2,21.100288000000003
215,215,47.4,21.189696
216,216,47.9,21.413216000000002
217,217,48.5,21.68144
218,218,49.1,21.949664000000002
219,219,49.5,22.128480000000003
220,220,50.0,22.352
221,221,50.6,22.620224
222,222,51.0,22.79904
223,223,51.5,23.022560000000002
224,224,52.2,23.335488
225,225,53.2,23.782528000000003
226,226,54.1,24.184864
227,227,54.6,24.408384
228,228,54.9,24.542496
229,229,55.0,24.587200000000003
230,230,54.9,24.542496
231,231,54.6,24.408384
232,232,54.6,24.408384
233,233,54.8,24.497791999999997
234,234,55.1,24.631904000000002
235,235,55.5,24.810720000000003
236,236,55.7,24.900128000000002
237,237,56.1,25.078944
238,238,56.3,25.168352
239,239,56.6,25.302464
240,240,56.7,25.347168
241,241,56.7,25.347168
242,242,56.5,25.25776
243,243,56.5,25.25776
244,244,56.5,25.25776
245,245,56.5,25.25776
246,246,56.5,25.25776
247,247,56.5,25.25776
248,248,56.4,25.213055999999998
249,249,56.1,25.078944
250,250,55.8,24.944831999999998
251,251,55.1,24.631904000000002
252,252,54.6,24.408384
253,253,54.2,24.229568
254,254,54.0,24.14016
255,255,53.7,24.006048000000003
256,256,53.6,23.961344000000004
257,257,53.9,24.095456
258,258,54.0,24.14016
259,259,54.1,24.184864
260,260,54.1,24.184864
261,261,53.8,24.050752
262,262,53.4,23.871936
263,263,53.0,23.69312
264,264,52.6,23.514304
265,265,52.1,23.290784000000002
266,266,52.4,23.424896
267,267,52.0,23.246080000000003
268,268,51.9,23.201376
269,269,51.7,23.111968000000005
270,270,51.5,23.022560000000002
271,271,51.6,23.067264
272,272,51.8,23.156672
273,273,52.1,23.290784000000002
274,274,52.5,23.4696
275,275,53.0,23.69312
276,276,53.5,23.91664
277,277,54.0,24.14016
278,278,54.9,24.542496
279,279,55.4,24.766016
280,280,55.6,24.855424000000003
281,281,56.0,25.03424
282,282,56.0,25.03424
283,283,55.8,24.944831999999998
284,284,55.2,24.676608000000005
285,285,54.5,24.36368
286,286,53.6,23.961344000000004
287,287,52.5,23.4696
288,288,51.5,23.022560000000002
289,289,51.5,23.022560000000002
290,290,51.5,23.022560000000002
291,291,51.1,22.843744000000004
292,292,50.1,22.396704000000003
293,293,50.0,22.352
294,294,50.1,22.396704000000003
295,295,50.0,22.352
296,296,49.6,22.173184000000003
297,297,49.5,22.128480000000003
298,298,49.5,22.128480000000003
299,299,49.5,22.128480000000003
300,300,49.1,21.949664000000002
301,301,48.6,21.726144
302,302,48.1,21.502624
303,303,47.2,21.100288000000003
304,304,46.1,20.608544000000002
305,305,45.0,20.116799999999998
306,306,43.8,19.580352
307,307,42.6,19.043904
308,308,41.5,18.55216
309,309,40.3,18.015711999999997
310,310,38.5,17.21104
311,311,37.0,16.540480000000002
312,312,35.2,15.735808000000002
313,313,33.8,15.109952
314,314,32.5,14.5288
315,315,31.5,14.081760000000001
316,316,30.6,13.679424000000003
317,317,30.5,13.63472
318,318,30.0,13.411200000000001
319,319,29.0,12.96416
320,320,27.5,12.293600000000001
321,321,24.8,11.086592000000001
322,322,21.5,9.611360000000001
323,323,20.1,8.985504
324,324,19.1,8.538464000000001
325,325,18.5,8.270240000000001
326,326,17.0,7.59968
327,327,15.5,6.92912
328,328,12.5,5.588
329,329,10.8,4.828032000000001
330,330,8.0,3.57632
331,331,4.7,2.1010880000000003
332,332,1.4,0.625856
333,333,0.0,0.0
334,334,0.0,0.0
335,335,0.0,0.0
336,336,0.0,0.0
337,337,0.0,0.0
338,338,0.0,0.0
339,339,0.0,0.0
340,340,0.0,0.0
341,341,0.0,0.0
342,342,0.0,0.0
343,343,0.0,0.0
344,344,0.0,0.0
345,345,0.0,0.0
346,346,0.0,0.0
347,347,1.0,0.44704
348,348,4.3,1.922272
349,349,7.6,3.3975039999999996
350,350,10.9,4.872736000000001
351,351,14.2,6.347968
352,352,17.3,7.733792000000001
353,353,20.0,8.940800000000001
354,354,22.5,10.058399999999999
355,355,23.7,10.594848
356,356,25.2,11.265407999999999
357,357,26.6,11.891264000000001
358,358,28.1,12.561824000000001
359,359,30.0,13.411200000000001
360,360,30.8,13.768832000000002
361,361,31.6,14.126464000000002
362,362,32.1,14.349984000000001
363,363,32.8,14.662911999999999
364,364,33.6,15.020544000000003
365,365,34.5,15.42288
366,366,34.6,15.467584000000002
367,367,34.9,15.601696
368,368,34.8,15.556992
369,369,34.5,15.42288
370,370,34.7,15.512288000000003
371,371,35.5,15.869920000000002
372,372,36.0,16.09344
373,373,36.0,16.09344
374,374,36.0,16.09344
375,375,36.0,16.09344
376,376,36.0,16.09344
377,377,36.0,16.09344
378,378,36.1,16.138144
379,379,36.4,16.272256
380,380,36.5,16.316959999999998
381,381,36.4,16.272256
382,382,36.0,16.09344
383,383,35.1,15.691104000000001
384,384,34.1,15.244064000000002
385,385,33.5,14.975840000000002
386,386,31.4,14.037056
387,387,29.0,12.96416
388,388,25.7,11.488928000000001
389,389,23.0,10.281920000000001
390,390,20.3,9.074912
391,391,17.5,7.8232
392,392,14.5,6.48208
393,393,12.0,5.36448
394,394,8.7,3.889248
395,395,5.4,2.4140160000000006
396,396,2.1,0.9387840000000002
397,397,0.0,0.0
398,398,0.0,0.0
399,399,0.0,0.0
400,400,0.0,0.0
401,401,0.0,0.0
402,402,0.0,0.0
403,403,2.6,1.1623040000000002
404,404,5.9,2.6375360000000003
405,405,9.2,4.112768
406,406,12.5,5.588
407,407,15.8,7.063232000000001
408,408,19.1,8.538464000000001
409,409,22.4,10.013696
410,410,25.0,11.176
411,411,25.6,11.444224000000002
412,412,27.5,12.293600000000001
413,413,29.0,12.96416
414,414,30.0,13.411200000000001
415,415,30.1,13.455904
416,416,30.0,13.411200000000001
417,417,29.7,13.277088000000001
418,418,29.3,13.098272
419,419,28.8,12.874752
420,420,28.0,12.51712
421,421,25.0,11.176
422,422,21.7,9.700768
423,423,18.4,8.225536
424,424,15.1,6.750304
425,425,11.8,5.275072000000001
426,426,8.5,3.79984
427,427,5.2,2.3246080000000005
428,428,1.9,0.8493759999999999
429,429,0.0,0.0
430,430,0.0,0.0
431,431,0.0,0.0
432,432,0.0,0.0
433,433,0.0,0.0
434,434,0.0,0.0
435,435,0.0,0.0
436,436,0.0,0.0
437,437,0.0,0.0
438,438,0.0,0.0
439,439,0.0,0.0
440,440,0.0,0.0
441,441,0.0,0.0
442,442,0.0,0.0
443,443,0.0,0.0
444,444,0.0,0.0
445,445,0.0,0.0
446,446,0.0,0.0
447,447,0.0,0.0
448,448,3.3,1.4752319999999999
449,449,6.6,2.9504639999999998
450,450,9.9,4.425696
451,451,13.2,5.9009279999999995
452,452,16.5,7.3761600000000005
453,453,19.8,8.851392
454,454,23.1,10.326624
455,455,26.4,11.801855999999999
456,456,27.8,12.427712000000001
457,457,29.1,13.008864
458,458,31.5,14.081760000000001
459,459,33.0,14.752320000000001
460,460,33.6,15.020544000000003
461,461,34.8,15.556992
462,462,35.1,15.691104000000001
463,463,35.6,15.914624000000002
464,464,36.1,16.138144
465,465,36.0,16.09344
466,466,36.1,16.138144
467,467,36.2,16.182848000000003
468,468,36.0,16.09344
469,469,35.7,15.959328000000003
470,470,36.0,16.09344
471,471,36.0,16.09344
472,472,35.6,15.914624000000002
473,473,35.5,15.869920000000002
474,474,35.4,15.825216
475,475,35.2,15.735808000000002
476,476,35.2,15.735808000000002
477,477,35.2,15.735808000000002
478,478,35.2,15.735808000000002
479,479,35.2,15.735808000000002
480,480,35.2,15.735808000000002
481,481,35.0,15.6464
482,482,35.1,15.691104000000001
483,483,35.2,15.735808000000002
484,484,35.5,15.869920000000002
485,485,35.2,15.735808000000002
486,486,35.0,15.6464
487,487,35.0,15.6464
488,488,35.0,15.6464
489,489,34.8,15.556992
490,490,34.6,15.467584000000002
491,491,34.5,15.42288
492,492,33.5,14.975840000000002
493,493,32.0,14.30528
494,494,30.1,13.455904
495,495,28.0,12.51712
496,496,25.5,11.39952
497,497,22.5,10.058399999999999
498,498,19.8,8.851392
499,499,16.5,7.3761600000000005
500,500,13.2,5.9009279999999995
501,501,10.3,4.604512000000001
502,502,7.2,3.218688
503,503,4.0,1.78816
504,504,1.0,0.44704
505,505,0.0,0.0
506,506,0.0,0.0
507,507,0.0,0.0
508,508,0.0,0.0
509,509,0.0,0.0
510,510,0.0,0.0
511,511,1.2,0.5364479999999999
512,512,3.5,1.56464
513,513,5.5,2.45872
514,514,6.5,2.9057600000000003
515,515,8.5,3.79984
516,516,9.6,4.291583999999999
517,517,10.5,4.69392
518,518,11.9,5.319776000000001
519,519,14.0,6.25856
520,520,16.0,7.15264
521,521,17.7,7.912608
522,522,19.0,8.49376
523,523,20.1,8.985504
524,524,21.0,9.38784
525,525,22.0,9.83488
526,526,23.0,10.281920000000001
527,527,23.8,10.639552000000002
528,528,24.5,10.95248
529,529,24.9,11.131296
530,530,25.0,11.176
531,531,25.0,11.176
532,532,25.0,11.176
533,533,25.0,11.176
534,534,25.0,11.176
535,535,25.0,11.176
536,536,25.6,11.444224000000002
537,537,25.8,11.533632
538,538,26.0,11.623040000000001
539,539,25.6,11.444224000000002
540,540,25.2,11.265407999999999
541,541,25.0,11.176
542,542,25.0,11.176
543,543,25.0,11.176
544,544,24.4,10.907775999999998
545,545,23.1,10.326624
546,546,19.8,8.851392
547,547,16.5,7.3761600000000005
548,548,13.2,5.9009279999999995
549,549,9.9,4.425696
550,550,6.6,2.9504639999999998
551,551,3.3,1.4752319999999999
552,552,0.0,0.0
553,553,0.0,0.0
554,554,0.0,0.0
555,555,0.0,0.0
556,556,0.0,0.0
557,557,0.0,0.0
558,558,0.0,0.0
559,559,0.0,0.0
560,560,0.0,0.0
561,561,0.0,0.0
562,562,0.0,0.0
563,563,0.0,0.0
564,564,0.0,0.0
565,565,0.0,0.0
566,566,0.0,0.0
567,567,0.0,0.0
568,568,0.0,0.0
569,569,3.3,1.4752319999999999
570,570,6.6,2.9504639999999998
571,571,9.9,4.425696
572,572,13.0,5.811520000000001
573,573,14.6,6.526784
574,574,16.0,7.15264
575,575,17.0,7.59968
576,576,17.0,7.59968
577,577,17.0,7.59968
578,578,17.5,7.8232
579,579,17.7,7.912608
580,580,17.7,7.912608
581,581,17.5,7.8232
582,582,17.0,7.59968
583,583,16.9,7.554976
584,584,16.6,7.420864000000001
585,585,17.0,7.59968
586,586,17.1,7.6443840000000005
587,587,17.0,7.59968
588,588,16.6,7.420864000000001
589,589,16.5,7.3761600000000005
590,590,16.5,7.3761600000000005
591,591,16.6,7.420864000000001
592,592,17.0,7.59968
593,593,17.6,7.867904000000001
594,594,18.5,8.270240000000001
595,595,19.2,8.583167999999999
596,596,20.2,9.030208
597,597,21.0,9.38784
598,598,21.1,9.432544000000002
599,599,21.2,9.477248
600,600,21.6,9.656064000000002
601,601,22.0,9.83488
602,602,22.4,10.013696
603,603,22.5,10.058399999999999
604,604,22.5,10.058399999999999
605,605,22.5,10.058399999999999
606,606,22.7,10.147808000000001
607,607,23.7,10.594848
608,608,25.1,11.220704000000001
609,609,26.0,11.623040000000001
610,610,26.5,11.84656
611,611,27.0,12.07008
612,612,26.1,11.667744
613,613,22.8,10.192512
614,614,19.5,8.71728
615,615,16.2,7.242048
616,616,12.9,5.766816
617,617,9.6,4.291583999999999
618,618,6.3,2.8163519999999997
619,619,3.0,1.34112
620,620,0.0,0.0
621,621,0.0,0.0
622,622,0.0,0.0
623,623,0.0,0.0
624,624,0.0,0.0
625,625,0.0,0.0
626,626,0.0,0.0
627,627,0.0,0.0
628,628,0.0,0.0
629,629,0.0,0.0
630,630,0.0,0.0
631,631,0.0,0.0
632,632,0.0,0.0
633,633,0.0,0.0
634,634,0.0,0.0
635,635,0.0,0.0
636,636,0.0,0.0
637,637,0.0,0.0
638,638,0.0,0.0
639,639,0.0,0.0
640,640,0.0,0.0
641,641,0.0,0.0
642,642,0.0,0.0
643,643,0.0,0.0
644,644,0.0,0.0
645,645,0.0,0.0
646,646,2.0,0.89408
647,647,4.5,2.01168
648,648,7.8,3.486912
649,649,10.2,4.559807999999999
650,650,12.5,5.588
651,651,14.0,6.25856
652,652,15.3,6.839712000000001
653,653,17.5,7.8232
654,654,19.6,8.761984000000002
655,655,21.0,9.38784
656,656,22.2,9.924287999999999
657,657,23.3,10.416032
658,658,24.5,10.95248
659,659,25.3,11.310112
660,660,25.6,11.444224000000002
661,661,26.0,11.623040000000001
662,662,26.1,11.667744
663,663,26.2,11.712448
664,664,26.2,11.712448
665,665,26.4,11.801855999999999
666,666,26.5,11.84656
667,667,26.5,11.84656
668,668,26.0,11.623040000000001
669,669,25.5,11.39952
670,670,23.6,10.550144000000001
671,671,21.4,9.566655999999998
672,672,18.5,8.270240000000001
673,673,16.4,7.331455999999999
674,674,14.5,6.48208
675,675,11.6,5.185664
676,676,8.7,3.889248
677,677,5.8,2.592832
678,678,3.5,1.56464
679,679,2.0,0.89408
680,680,0.0,0.0
681,681,0.0,0.0
682,682,0.0,0.0
683,683,0.0,0.0
684,684,0.0,0.0
685,685,0.0,0.0
686,686,0.0,0.0
687,687,0.0,0.0
688,688,0.0,0.0
689,689,0.0,0.0
690,690,0.0,0.0
691,691,0.0,0.0
692,692,0.0,0.0
693,693,0.0,0.0
694,694,1.4,0.625856
695,695,3.3,1.4752319999999999
696,696,4.4,1.9669760000000003
697,697,6.5,2.9057600000000003
698,698,9.2,4.112768
699,699,11.3,5.051552000000001
700,700,13.5,6.03504
701,701,14.6,6.526784
702,702,16.4,7.331455999999999
703,703,16.7,7.465567999999999
704,704,16.5,7.3761600000000005
705,705,16.5,7.3761600000000005
706,706,18.2,8.136128
707,707,19.2,8.583167999999999
708,708,20.1,8.985504
709,709,21.5,9.611360000000001
710,710,22.5,10.058399999999999
711,711,22.5,10.058399999999999
712,712,22.1,9.879584000000001
713,713,22.7,10.147808000000001
714,714,23.3,10.416032
715,715,23.5,10.505440000000002
716,716,22.5,10.058399999999999
717,717,21.6,9.656064000000002
718,718,20.5,9.16432
719,719,18.0,8.04672
720,720,15.0,6.7056000000000004
721,721,12.0,5.36448
722,722,9.0,4.02336
723,723,6.2,2.7716480000000003
724,724,4.5,2.01168
725,725,3.0,1.34112
726,726,2.1,0.9387840000000002
727,727,0.5,0.22352
728,728,0.5,0.22352
729,729,3.2,1.4305280000000002
730,730,6.5,2.9057600000000003
731,731,9.6,4.291583999999999
732,732,12.5,5.588
733,733,14.0,6.25856
734,734,16.0,7.15264
735,735,18.0,8.04672
736,736,19.6,8.761984000000002
737,737,21.5,9.611360000000001
738,738,23.1,10.326624
739,739,24.5,10.95248
740,740,25.5,11.39952
741,741,26.5,11.84656
742,742,27.1,12.114784
743,743,27.6,12.338304000000003
744,744,27.9,12.472415999999999
745,745,28.3,12.651232
746,746,28.6,12.785344000000002
747,747,28.6,12.785344000000002
748,748,28.3,12.651232
749,749,28.2,12.606527999999999
750,750,28.0,12.51712
751,751,27.5,12.293600000000001
752,752,26.8,11.980672000000002
753,753,25.5,11.39952
754,754,23.5,10.505440000000002
755,755,21.5,9.611360000000001
756,756,19.0,8.49376
757,757,16.5,7.3761600000000005
758,758,14.9,6.660896000000001
759,759,12.5,5.588
760,760,9.4,4.202176000000001
761,761,6.2,2.7716480000000003
762,762,3.0,1.34112
763,763,1.5,0.67056
764,764,1.5,0.67056
765,765,0.5,0.22352
766,766,0.0,0.0
767,767,3.0,1.34112
768,768,6.3,2.8163519999999997
769,769,9.6,4.291583999999999
770,770,12.9,5.766816
771,771,15.8,7.063232000000001
772,772,17.5,7.8232
773,773,18.4,8.225536
774,774,19.5,8.71728
775,775,20.7,9.253728
776,776,22.0,9.83488
777,777,23.2,10.371328
778,778,25.0,11.176
779,779,26.5,11.84656
780,780,27.5,12.293600000000001
781,781,28.0,12.51712
782,782,28.3,12.651232
783,783,28.9,12.919456
784,784,28.9,12.919456
785,785,28.9,12.919456
786,786,28.8,12.874752
787,787,28.5,12.740639999999999
788,788,28.3,12.651232
789,789,28.3,12.651232
790,790,28.3,12.651232
791,791,28.2,12.606527999999999
792,792,27.6,12.338304000000003
793,793,27.5,12.293600000000001
794,794,27.5,12.293600000000001
795,795,27.5,12.293600000000001
796,796,27.5,12.293600000000001
797,797,27.5,12.293600000000001
798,798,27.5,12.293600000000001
799,799,27.6,12.338304000000003
800,800,28.0,12.51712
801,801,28.5,12.740639999999999
802,802,30.0,13.411200000000001
803,803,31.0,13.85824
804,804,32.0,14.30528
805,805,33.0,14.752320000000001
806,806,33.0,14.752320000000001
807,807,33.6,15.020544000000003
808,808,34.0,15.19936
809,809,34.3,15.333471999999999
810,810,34.2,15.288768000000001
811,811,34.0,15.19936
812,812,34.0,15.19936
813,813,33.9,15.154656
814,814,33.6,15.020544000000003
815,815,33.1,14.797024
816,816,33.0,14.752320000000001
817,817,32.5,14.5288
818,818,32.0,14.30528
819,819,31.9,14.260576
820,820,31.6,14.126464000000002
821,821,31.5,14.081760000000001
822,822,30.6,13.679424000000003
823,823,30.0,13.411200000000001
824,824,29.9,13.366496
825,825,29.9,13.366496
826,826,29.9,13.366496
827,827,29.9,13.366496
828,828,29.6,13.232384000000001
829,829,29.5,13.187680000000002
830,830,29.5,13.187680000000002
831,831,29.3,13.098272
832,832,28.9,12.919456
833,833,28.2,12.606527999999999
834,834,27.7,12.383008
835,835,27.0,12.07008
836,836,25.5,11.39952
837,837,23.7,10.594848
838,838,22.0,9.83488
839,839,20.5,9.16432
840,840,19.2,8.583167999999999
841,841,19.2,8.583167999999999
842,842,20.1,8.985504
843,843,20.9,9.343136
844,844,21.4,9.566655999999998
845,845,22.0,9.83488
846,846,22.6,10.103104000000002
847,847,23.2,10.371328
848,848,24.0,10.72896
849,849,25.0,11.176
850,850,26.0,11.623040000000001
851,851,26.6,11.891264000000001
852,852,26.6,11.891264000000001
853,853,26.8,11.980672000000002
854,854,27.0,12.07008
855,855,27.2,12.159488
856,856,27.8,12.427712000000001
857,857,28.1,12.561824000000001
858,858,28.8,12.874752
859,859,28.9,12.919456
860,860,29.0,12.96416
861,861,29.1,13.008864
862,862,29.0,12.96416
863,863,28.1,12.561824000000001
864,864,27.5,12.293600000000001
865,865,27.0,12.07008
866,866,25.8,11.533632
867,867,25.0,11.176
868,868,24.5,10.95248
869,869,24.8,11.086592000000001
870,870,25.1,11.220704000000001
871,871,25.5,11.39952
872,872,25.7,11.488928000000001
873,873,26.2,11.712448
874,874,26.9,12.025376
875,875,27.5,12.293600000000001
876,876,27.8,12.427712000000001
877,877,28.4,12.695936
878,878,29.0,12.96416
879,879,29.2,13.053568
880,880,29.1,13.008864
881,881,29.0,12.96416
882,882,28.9,12.919456
883,883,28.5,12.740639999999999
884,884,28.1,12.561824000000001
885,885,28.0,12.51712
886,886,28.0,12.51712
887,887,27.6,12.338304000000003
888,888,27.2,12.159488
889,889,26.6,11.891264000000001
890,890,27.0,12.07008
891,891,27.5,12.293600000000001
892,892,27.8,12.427712000000001
893,893,28.0,12.51712
894,894,27.8,12.427712000000001
895,895,28.0,12.51712
896,896,28.0,12.51712
897,897,28.0,12.51712
898,898,27.7,12.383008
899,899,27.4,12.248895999999998
900,900,26.9,12.025376
901,901,26.6,11.891264000000001
902,902,26.5,11.84656
903,903,26.5,11.84656
904,904,26.5,11.84656
905,905,26.3,11.757152
906,906,26.2,11.712448
907,907,26.2,11.712448
908,908,25.9,11.578336
909,909,25.6,11.444224000000002
910,910,25.6,11.444224000000002
911,911,25.9,11.578336
912,912,25.8,11.533632
913,913,25.5,11.39952
914,914,24.6,10.997184000000003
915,915,23.5,10.505440000000002
916,916,22.2,9.924287999999999
917,917,21.6,9.656064000000002
918,918,21.6,9.656064000000002
919,919,21.7,9.700768
920,920,22.6,10.103104000000002
921,921,23.4,10.460735999999999
922,922,24.0,10.72896
923,923,24.2,10.818368
924,924,24.4,10.907775999999998
925,925,24.9,11.131296
926,926,25.1,11.220704000000001
927,927,25.2,11.265407999999999
928,928,25.3,11.310112
929,929,25.5,11.39952
930,930,25.2,11.265407999999999
931,931,25.0,11.176
932,932,25.0,11.176
933,933,25.0,11.176
934,934,24.7,11.041888
935,935,24.5,10.95248
936,936,24.3,10.863072
937,937,24.3,10.863072
938,938,24.5,10.95248
939,939,25.0,11.176
940,940,25.0,11.176
941,941,24.6,10.997184000000003
942,942,24.6,10.997184000000003
943,943,24.1,10.773664000000002
944,944,24.5,10.95248
945,945,25.1,11.220704000000001
946,946,25.6,11.444224000000002
947,947,25.1,11.220704000000001
948,948,24.0,10.72896
949,949,22.0,9.83488
950,950,20.1,8.985504
951,951,16.9,7.554976
952,952,13.6,6.079744
953,953,10.3,4.604512000000001
954,954,7.0,3.12928
955,955,3.7,1.6540480000000002
956,956,0.4,0.17881600000000003
957,957,0.0,0.0
958,958,0.0,0.0
959,959,0.0,0.0
960,960,2.0,0.89408
961,961,5.3,2.369312
962,962,8.6,3.844544
963,963,11.9,5.319776000000001
964,964,15.2,6.795007999999999
965,965,17.5,7.8232
966,966,18.6,8.314944
967,967,20.0,8.940800000000001
968,968,21.1,9.432544000000002
969,969,22.0,9.83488
970,970,23.0,10.281920000000001
971,971,24.5,10.95248
972,972,26.3,11.757152
973,973,27.5,12.293600000000001
974,974,28.1,12.561824000000001
975,975,28.4,12.695936
976,976,28.5,12.740639999999999
977,977,28.5,12.740639999999999
978,978,28.5,12.740639999999999
979,979,27.7,12.383008
980,980,27.5,12.293600000000001
981,981,27.2,12.159488
982,982,26.8,11.980672000000002
983,983,26.5,11.84656
984,984,26.0,11.623040000000001
985,985,25.7,11.488928000000001
986,986,25.2,11.265407999999999
987,987,24.0,10.72896
988,988,22.0,9.83488
989,989,21.5,9.611360000000001
990,990,21.5,9.611360000000001
991,991,21.8,9.745472000000001
992,992,22.5,10.058399999999999
993,993,23.0,10.281920000000001
994,994,22.8,10.192512
995,995,22.8,10.192512
996,996,23.0,10.281920000000001
997,997,22.7,10.147808000000001
998,998,22.7,10.147808000000001
999,999,22.7,10.147808000000001
1000,1000,23.5,10.505440000000002
1001,1001,24.0,10.72896
1002,1002,24.6,10.997184000000003
1003,1003,24.8,11.086592000000001
1004,1004,25.1,11.220704000000001
1005,1005,25.5,11.39952
1006,1006,25.6,11.444224000000002
1007,1007,25.5,11.39952
1008,1008,25.0,11.176
1009,1009,24.1,10.773664000000002
1010,1010,23.7,10.594848
1011,1011,23.2,10.371328
1012,1012,22.9,10.237216
1013,1013,22.5,10.058399999999999
1014,1014,22.0,9.83488
1015,1015,21.6,9.656064000000002
1016,1016,20.5,9.16432
1017,1017,17.5,7.8232
1018,1018,14.2,6.347968
1019,1019,10.9,4.872736000000001
1020,1020,7.6,3.3975039999999996
1021,1021,4.3,1.922272
1022,1022,1.0,0.44704
1023,1023,0.0,0.0
1024,1024,0.0,0.0
1025,1025,0.0,0.0
1026,1026,0.0,0.0
1027,1027,0.0,0.0
1028,1028,0.0,0.0
1029,1029,0.0,0.0
1030,1030,0.0,0.0
1031,1031,0.0,0.0
1032,1032,0.0,0.0
1033,1033,0.0,0.0
1034,1034,0.0,0.0
1035,1035,0.0,0.0
1036,1036,0.0,0.0
1037,1037,0.0,0.0
1038,1038,0.0,0.0
1039,1039,0.0,0.0
1040,1040,0.0,0.0
1041,1041,0.0,0.0
1042,1042,0.0,0.0
1043,1043,0.0,0.0
1044,1044,0.0,0.0
1045,1045,0.0,0.0
1046,1046,0.0,0.0
1047,1047,0.0,0.0
1048,1048,0.0,0.0
1049,1049,0.0,0.0
1050,1050,0.0,0.0
1051,1051,0.0,0.0
1052,1052,0.0,0.0
1053,1053,1.2,0.5364479999999999
1054,1054,4.0,1.78816
1055,1055,7.3,3.263392
1056,1056,10.6,4.738624
1057,1057,13.9,6.213856000000001
1058,1058,17.0,7.59968
1059,1059,18.5,8.270240000000001
1060,1060,20.0,8.940800000000001
1061,1061,21.8,9.745472000000001
1062,1062,23.0,10.281920000000001
1063,1063,24.0,10.72896
1064,1064,24.8,11.086592000000001
1065,1065,25.6,11.444224000000002
1066,1066,26.5,11.84656
1067,1067,26.8,11.980672000000002
1068,1068,27.4,12.248895999999998
1069,1069,27.9,12.472415999999999
1070,1070,28.3,12.651232
1071,1071,28.0,12.51712
1072,1072,27.5,12.293600000000001
1073,1073,27.0,12.07008
1074,1074,27.0,12.07008
1075,1075,26.3,11.757152
1076,1076,24.5,10.95248
1077,1077,22.5,10.058399999999999
1078,1078,21.5,9.611360000000001
1079,1079,20.6,9.209024000000001
1080,1080,18.0,8.04672
1081,1081,15.0,6.7056000000000004
1082,1082,12.3,5.498592000000001
1083,1083,11.1,4.9621439999999994
1084,1084,10.6,4.738624
1085,1085,10.0,4.470400000000001
1086,1086,9.5,4.24688
1087,1087,9.1,4.068064
1088,1088,8.7,3.889248
1089,1089,8.6,3.844544
1090,1090,8.8,3.9339520000000006
1091,1091,9.0,4.02336
1092,1092,8.7,3.889248
1093,1093,8.6,3.844544
1094,1094,8.0,3.57632
1095,1095,7.0,3.12928
1096,1096,5.0,2.2352000000000003
1097,1097,4.2,1.8775680000000003
1098,1098,2.6,1.1623040000000002
1099,1099,1.0,0.44704
1100,1100,0.0,0.0
1101,1101,0.1,0.04470400000000001
1102,1102,0.6,0.26822399999999996
1103,1103,1.6,0.7152640000000001
1104,1104,3.6,1.609344
1105,1105,6.9,3.0845760000000007
1106,1106,10.0,4.470400000000001
1107,1107,12.8,5.722112000000001
1108,1108,14.0,6.25856
1109,1109,14.5,6.48208
1110,1110,16.0,7.15264
1111,1111,18.1,8.091424000000002
1112,1112,20.0,8.940800000000001
1113,1113,21.0,9.38784
1114,1114,21.2,9.477248
1115,1115,21.3,9.521952
1116,1116,21.4,9.566655999999998
1117,1117,21.7,9.700768
1118,1118,22.5,10.058399999999999
1119,1119,23.0,10.281920000000001
1120,1120,23.8,10.639552000000002
1121,1121,24.5,10.95248
1122,1122,25.0,11.176
1123,1123,24.9,11.131296
1124,1124,24.8,11.086592000000001
1125,1125,25.0,11.176
1126,1126,25.4,11.354816
1127,1127,25.8,11.533632
1128,1128,26.0,11.623040000000001
1129,1129,26.4,11.801855999999999
1130,1130,26.6,11.891264000000001
1131,1131,26.9,12.025376
1132,1132,27.0,12.07008
1133,1133,27.0,12.07008
1134,1134,27.0,12.07008
1135,1135,26.9,12.025376
1136,1136,26.8,11.980672000000002
1137,1137,26.8,11.980672000000002
1138,1138,26.5,11.84656
1139,1139,26.4,11.801855999999999
1140,1140,26.0,11.623040000000001
1141,1141,25.5,11.39952
1142,1142,24.6,10.997184000000003
1143,1143,23.5,10.505440000000002
1144,1144,21.5,9.611360000000001
1145,1145,20.0,8.940800000000001
1146,1146,17.5,7.8232
1147,1147,16.0,7.15264
1148,1148,14.0,6.25856
1149,1149,10.7,4.783327999999999
1150,1150,7.4,3.3080960000000004
1151,1151,4.1,1.8328639999999998
1152,1152,0.8,0.35763200000000006
1153,1153,0.0,0.0
1154,1154,0.0,0.0
1155,1155,0.0,0.0
1156,1156,0.0,0.0
1157,1157,0.0,0.0
1158,1158,0.0,0.0
1159,1159,0.0,0.0
1160,1160,0.0,0.0
1161,1161,0.0,0.0
1162,1162,0.0,0.0
1163,1163,0.0,0.0
1164,1164,0.0,0.0
1165,1165,0.0,0.0
1166,1166,0.0,0.0
1167,1167,0.0,0.0
1168,1168,0.0,0.0
1169,1169,2.1,0.9387840000000002
1170,1170,5.4,2.4140160000000006
1171,1171,8.7,3.889248
1172,1172,12.0,5.36448
1173,1173,15.3,6.839712000000001
1174,1174,18.6,8.314944
1175,1175,21.1,9.432544000000002
1176,1176,23.0,10.281920000000001
1177,1177,23.5,10.505440000000002
1178,1178,23.0,10.281920000000001
1179,1179,22.5,10.058399999999999
1180,1180,20.0,8.940800000000001
1181,1181,16.7,7.465567999999999
1182,1182,13.4,5.990336000000001
1183,1183,10.1,4.515104
1184,1184,6.8,3.039872
1185,1185,3.5,1.56464
1186,1186,0.2,0.08940800000000002
1187,1187,0.0,0.0
1188,1188,0.0,0.0
1189,1189,0.0,0.0
1190,1190,0.0,0.0
1191,1191,0.0,0.0
1192,1192,0.0,0.0
1193,1193,0.0,0.0
1194,1194,0.0,0.0
1195,1195,0.0,0.0
1196,1196,0.0,0.0
1197,1197,0.2,0.08940800000000002
1198,1198,1.5,0.67056
1199,1199,3.5,1.56464
1200,1200,6.5,2.9057600000000003
1201,1201,9.8,4.380992000000001
1202,1202,12.0,5.36448
1203,1203,12.9,5.766816
1204,1204,13.0,5.811520000000001
1205,1205,12.6,5.6327039999999995
1206,1206,12.8,5.722112000000001
1207,1207,13.1,5.856224
1208,1208,13.1,5.856224
1209,1209,14.0,6.25856
1210,1210,15.5,6.92912
1211,1211,17.0,7.59968
1212,1212,18.6,8.314944
1213,1213,19.7,8.806688
1214,1214,21.0,9.38784
1215,1215,21.5,9.611360000000001
1216,1216,21.8,9.745472000000001
1217,1217,21.8,9.745472000000001
1218,1218,21.5,9.611360000000001
1219,1219,21.2,9.477248
1220,1220,21.5,9.611360000000001
1221,1221,21.8,9.745472000000001
1222,1222,22.0,9.83488
1223,1223,21.9,9.790176
1224,1224,21.7,9.700768
1225,1225,21.5,9.611360000000001
1226,1226,21.5,9.611360000000001
1227,1227,21.4,9.566655999999998
1228,1228,20.1,8.985504
1229,1229,19.5,8.71728
1230,1230,19.2,8.583167999999999
1231,1231,19.6,8.761984000000002
1232,1232,19.8,8.851392
1233,1233,20.0,8.940800000000001
1234,1234,19.5,8.71728
1235,1235,17.5,7.8232
1236,1236,15.5,6.92912
1237,1237,13.0,5.811520000000001
1238,1238,10.0,4.470400000000001
1239,1239,8.0,3.57632
1240,1240,6.0,2.68224
1241,1241,4.0,1.78816
1242,1242,2.5,1.1176000000000001
1243,1243,0.7,0.312928
1244,1244,0.0,0.0
1245,1245,0.0,0.0
1246,1246,0.0,0.0
1247,1247,0.0,0.0
1248,1248,0.0,0.0
1249,1249,0.0,0.0
1250,1250,0.0,0.0
1251,1251,0.0,0.0
1252,1252,1.0,0.44704
1253,1253,1.0,0.44704
1254,1254,1.0,0.44704
1255,1255,1.0,0.44704
1256,1256,1.0,0.44704
1257,1257,1.6,0.7152640000000001
1258,1258,3.0,1.34112
1259,1259,4.0,1.78816
1260,1260,5.0,2.2352000000000003
1261,1261,6.3,2.8163519999999997
1262,1262,8.0,3.57632
1263,1263,10.0,4.470400000000001
1264,1264,10.5,4.69392
1265,1265,9.5,4.24688
1266,1266,8.5,3.79984
1267,1267,7.6,3.3975039999999996
1268,1268,8.8,3.9339520000000006
1269,1269,11.0,4.91744
1270,1270,14.0,6.25856
1271,1271,17.0,7.59968
1272,1272,19.5,8.71728
1273,1273,21.0,9.38784
1274,1274,21.8,9.745472000000001
1275,1275,22.2,9.924287999999999
1276,1276,23.0,10.281920000000001
1277,1277,23.6,10.550144000000001
1278,1278,24.1,10.773664000000002
1279,1279,24.5,10.95248
1280,1280,24.5,10.95248
1281,1281,24.0,10.72896
1282,1282,23.5,10.505440000000002
1283,1283,23.5,10.505440000000002
1284,1284,23.5,10.505440000000002
1285,1285,23.5,10.505440000000002
1286,1286,23.5,10.505440000000002
1287,1287,23.5,10.505440000000002
1288,1288,24.0,10.72896
1289,1289,24.1,10.773664000000002
1290,1290,24.5,10.95248
1291,1291,24.7,11.041888
1292,1292,25.0,11.176
1293,1293,25.4,11.354816
1294,1294,25.6,11.444224000000002
1295,1295,25.7,11.488928000000001
1296,1296,26.0,11.623040000000001
1297,1297,26.2,11.712448
1298,1298,27.0,12.07008
1299,1299,27.8,12.427712000000001
1300,1300,28.3,12.651232
1301,1301,29.0,12.96416
1302,1302,29.1,13.008864
1303,1303,29.0,12.96416
1304,1304,28.0,12.51712
1305,1305,24.7,11.041888
1306,1306,21.4,9.566655999999998
1307,1307,18.1,8.091424000000002
1308,1308,14.8,6.616192000000001
1309,1309,11.5,5.140960000000001
1310,1310,8.2,3.6657279999999997
1311,1311,4.9,2.1904960000000004
1312,1312,1.6,0.7152640000000001
1313,1313,0.0,0.0
1314,1314,0.0,0.0
1315,1315,0.0,0.0
1316,1316,0.0,0.0
1317,1317,0.0,0.0
1318,1318,0.0,0.0
1319,1319,0.0,0.0
1320,1320,0.0,0.0
1321,1321,0.0,0.0
1322,1322,0.0,0.0
1323,1323,0.0,0.0
1324,1324,0.0,0.0
1325,1325,0.0,0.0
1326,1326,0.0,0.0
1327,1327,0.0,0.0
1328,1328,0.0,0.0
1329,1329,0.0,0.0
1330,1330,0.0,0.0
1331,1331,0.0,0.0
1332,1332,0.0,0.0
1333,1333,0.0,0.0
1334,1334,0.0,0.0
1335,1335,0.0,0.0
1336,1336,0.0,0.0
1337,1337,0.0,0.0
1338,1338,1.5,0.67056
1339,1339,4.8,2.1457919999999997
1340,1340,8.1,3.621024
1341,1341,11.4,5.096256
1342,1342,13.2,5.9009279999999995
1343,1343,15.1,6.750304
1344,1344,16.8,7.510272000000001
1345,1345,18.3,8.180832
1346,1346,19.5,8.71728
1347,1347,20.3,9.074912
1348,1348,21.3,9.521952
1349,1349,21.9,9.790176
1350,1350,22.1,9.879584000000001
1351,1351,22.4,10.013696
1352,1352,22.0,9.83488
1353,1353,21.6,9.656064000000002
1354,1354,21.1,9.432544000000002
1355,1355,20.5,9.16432
1356,1356,20.0,8.940800000000001
1357,1357,19.6,8.761984000000002
1358,1358,18.5,8.270240000000001
1359,1359,17.5,7.8232
1360,1360,16.5,7.3761600000000005
1361,1361,15.5,6.92912
1362,1362,14.0,6.25856
1363,1363,11.0,4.91744
1364,1364,8.0,3.57632
1365,1365,5.2,2.3246080000000005
1366,1366,2.5,1.1176000000000001
1367,1367,0.0,0.0
1368,1368,0.0,0.0
1369,1369,0.0,0.0
1370,1370,0.0,0.0
1371,1371,0.0,0.0
1372,1372,0.0,0.0
1373,1373,0.0,0.0
1374,1374,0.0,0.0
1375,1375,0.0,0.0
1376,1376,0.0,0.0
1377,1377,0.0,0.0
1378,1378,0.0,0.0
1379,1379,0.0,0.0
1380,1380,0.0,0.0
1381,1381,0.0,0.0
1382,1382,0.0,0.0
1383,1383,0.0,0.0
1384,1384,0.0,0.0
1385,1385,0.0,0.0
1386,1386,0.0,0.0
1387,1387,0.0,0.0
1388,1388,0.0,0.0
1389,1389,0.0,0.0
1390,1390,3.0,1.34112
1391,1391,5.9,2.6375360000000003
1392,1392,8.6,3.844544
1393,1393,11.5,5.140960000000001
1394,1394,14.3,6.392672000000001
1395,1395,16.9,7.554976
1396,1396,17.3,7.733792000000001
1397,1397,18.1,8.091424000000002
1398,1398,20.7,9.253728
1399,1399,21.7,9.700768
1400,1400,22.4,10.013696
1401,1401,22.5,10.058399999999999
1402,1402,22.1,9.879584000000001
1403,1403,21.5,9.611360000000001
1404,1404,20.9,9.343136
1405,1405,20.4,9.119615999999999
1406,1406,19.8,8.851392
1407,1407,17.0,7.59968
1408,1408,14.9,6.660896000000001
1409,1409,14.9,6.660896000000001
1410,1410,15.2,6.795007999999999
1411,1411,15.5,6.92912
1412,1412,16.0,7.15264
1413,1413,17.1,7.6443840000000005
1414,1414,19.1,8.538464000000001
1415,1415,21.1,9.432544000000002
1416,1416,22.7,10.147808000000001
1417,1417,22.9,10.237216
1418,1418,22.7,10.147808000000001
1419,1419,22.6,10.103104000000002
1420,1420,21.3,9.521952
1421,1421,19.0,8.49376
1422,1422,17.1,7.6443840000000005
1423,1423,15.8,7.063232000000001
1424,1424,15.8,7.063232000000001
1425,1425,17.7,7.912608
1426,1426,19.8,8.851392
1427,1427,21.6,9.656064000000002
1428,1428,23.2,10.371328
1429,1429,24.2,10.818368
1430,1430,24.6,10.997184000000003
1431,1431,24.9,11.131296
1432,1432,25.0,11.176
1433,1433,24.6,10.997184000000003
1434,1434,24.5,10.95248
1435,1435,24.7,11.041888
1436,1436,24.8,11.086592000000001
1437,1437,24.7,11.041888
1438,1438,24.6,10.997184000000003
1439,1439,24.6,10.997184000000003
1440,1440,25.1,11.220704000000001
1441,1441,25.6,11.444224000000002
1442,1442,25.7,11.488928000000001
1443,1443,25.4,11.354816
1444,1444,24.9,11.131296
1445,1445,25.0,11.176
1446,1446,25.4,11.354816
1447,1447,26.0,11.623040000000001
1448,1448,26.0,11.623040000000001
1449,1449,25.7,11.488928000000001
1450,1450,26.1,11.667744
1451,1451,26.7,11.935968
1452,1452,27.5,12.293600000000001
1453,1453,28.6,12.785344000000002
1454,1454,29.3,13.098272
1455,1455,29.8,13.321792000000002
1456,1456,30.1,13.455904
1457,1457,30.4,13.590015999999999
1458,1458,30.7,13.724128
1459,1459,30.7,13.724128
1460,1460,30.5,13.63472
1461,1461,30.4,13.590015999999999
1462,1462,30.3,13.545312000000001
1463,1463,30.4,13.590015999999999
1464,1464,30.8,13.768832000000002
1465,1465,30.4,13.590015999999999
1466,1466,29.9,13.366496
1467,1467,29.5,13.187680000000002
1468,1468,29.8,13.321792000000002
1469,1469,30.3,13.545312000000001
1470,1470,30.7,13.724128
1471,1471,30.9,13.813536
1472,1472,31.0,13.85824
1473,1473,30.9,13.813536
1474,1474,30.4,13.590015999999999
1475,1475,29.8,13.321792000000002
1476,1476,29.9,13.366496
1477,1477,30.2,13.500608
1478,1478,30.7,13.724128
1479,1479,31.2,13.947648
1480,1480,31.8,14.215872000000001
1481,1481,32.2,14.394688000000002
1482,1482,32.4,14.484096
1483,1483,32.2,14.394688000000002
1484,1484,31.7,14.171168000000002
1485,1485,28.6,12.785344000000002
1486,1486,25.3,11.310112
1487,1487,22.0,9.83488
1488,1488,18.7,8.359648
1489,1489,15.4,6.884416000000001
1490,1490,12.1,5.409184
1491,1491,8.8,3.9339520000000006
1492,1492,5.5,2.45872
1493,1493,2.2,0.9834880000000001
1494,1494,0.0,0.0
1495,1495,0.0,0.0
1496,1496,0.0,0.0
1497,1497,0.0,0.0
1498,1498,0.0,0.0
1499,1499,0.0,0.0
1500,1500,0.0,0.0
1501,1501,0.0,0.0
1502,1502,0.0,0.0
1503,1503,0.0,0.0
1504,1504,0.0,0.0
1505,1505,0.0,0.0
1506,1506,0.0,0.0
1507,1507,0.0,0.0
1508,1508,0.0,0.0
1509,1509,0.0,0.0
1510,1510,0.0,0.0
1511,1511,0.0,0.0
1512,1512,0.0,0.0
1513,1513,0.0,0.0
1514,1514,0.0,0.0
1515,1515,0.0,0.0
1516,1516,0.0,0.0
1517,1517,0.0,0.0
1518,1518,0.0,0.0
1519,1519,0.0,0.0
1520,1520,0.0,0.0
1521,1521,0.0,0.0
1522,1522,0.0,0.0
1523,1523,0.0,0.0
1524,1524,0.0,0.0
1525,1525,0.0,0.0
1526,1526,0.0,0.0
1527,1527,0.0,0.0
1528,1528,0.0,0.0
1529,1529,0.0,0.0
1530,1530,0.0,0.0
1531,1531,0.0,0.0
1532,1532,0.0,0.0
1533,1533,3.3,1.4752319999999999
1534,1534,6.6,2.9504639999999998
1535,1535,9.9,4.425696
1536,1536,13.2,5.9009279999999995
1537,1537,16.5,7.3761600000000005
1538,1538,19.8,8.851392
1539,1539,22.2,9.924287999999999
1540,1540,24.3,10.863072
1541,1541,25.8,11.533632
1542,1542,26.4,11.801855999999999
1543,1543,25.7,11.488928000000001
1544,1544,25.1,11.220704000000001
1545,1545,24.7,11.041888
1546,1546,25.0,11.176
1547,1547,25.2,11.265407999999999
1548,1548,25.4,11.354816
1549,1549,25.8,11.533632
1550,1550,27.2,12.159488
1551,1551,26.5,11.84656
1552,1552,24.0,10.72896
1553,1553,22.7,10.147808000000001
1554,1554,19.4,8.672576
1555,1555,17.7,7.912608
1556,1556,17.2,7.689088
1557,1557,18.1,8.091424000000002
1558,1558,18.6,8.314944
1559,1559,20.0,8.940800000000001
1560,1560,22.2,9.924287999999999
1561,1561,24.5,10.95248
1562,1562,27.3,12.204192
1563,1563,30.5,13.63472
1564,1564,33.5,14.975840000000002
1565,1565,36.2,16.182848000000003
1566,1566,37.3,16.674591999999997
1567,1567,39.3,17.568672
1568,1568,40.5,18.10512
1569,1569,42.1,18.820384
1570,1570,43.5,19.446240000000003
1571,1571,45.1,20.161504000000004
1572,1572,46.0,20.563840000000003
1573,1573,46.8,20.921471999999998
1574,1574,47.5,21.2344
1575,1575,47.5,21.2344
1576,1576,47.3,21.144992000000002
1577,1577,47.2,21.100288000000003
1578,1578,47.0,21.010880000000004
1579,1579,47.0,21.010880000000004
1580,1580,47.0,21.010880000000004
1581,1581,47.0,21.010880000000004
1582,1582,47.0,21.010880000000004
1583,1583,47.2,21.100288000000003
1584,1584,47.4,21.189696
1585,1585,47.9,21.413216000000002
1586,1586,48.5,21.68144
1587,1587,49.1,21.949664000000002
1588,1588,49.5,22.128480000000003
1589,1589,50.0,22.352
1590,1590,50.6,22.620224
1591,1591,51.0,22.79904
1592,1592,51.5,23.022560000000002
1593,1593,52.2,23.335488
1594,1594,53.2,23.782528000000003
1595,1595,54.1,24.184864
1596,1596,54.6,24.408384
1597,1597,54.9,24.542496
1598,1598,55.0,24.587200000000003
1599,1599,54.9,24.542496
1600,1600,54.6,24.408384
1601,1601,54.6,24.408384
1602,1602,54.8,24.497791999999997
1603,1603,55.1,24.631904000000002
1604,1604,55.5,24.810720000000003
1605,1605,55.7,24.900128000000002
1606,1606,56.1,25.078944
1607,1607,56.3,25.168352
1608,1608,56.6,25.302464
1609,1609,56.7,25.347168
1610,1610,56.7,25.347168
1611,1611,56.5,25.25776
1612,1612,56.5,25.25776
1613,1613,56.5,25.25776
1614,1614,56.5,25.25776
1615,1615,56.5,25.25776
1616,1616,56.5,25.25776
1617,1617,56.4,25.213055999999998
1618,1618,56.1,25.078944
1619,1619,55.8,24.944831999999998
1620,1620,55.1,24.631904000000002
1621,1621,54.6,24.408384
1622,1622,54.2,24.229568
1623,1623,54.0,24.14016
1624,1624,53.7,24.006048000000003
1625,1625,53.6,23.961344000000004
1626,1626,53.9,24.095456
1627,1627,54.0,24.14016
1628,1628,54.1,24.184864
1629,1629,54.1,24.184864
1630,1630,53.8,24.050752
1631,1631,53.4,23.871936
1632,1632,53.0,23.69312
1633,1633,52.6,23.514304
1634,1634,52.1,23.290784000000002
1635,1635,52.4,23.424896
1636,1636,52.0,23.246080000000003
1637,1637,51.9,23.201376
1638,1638,51.7,23.111968000000005
1639,1639,51.5,23.022560000000002
1640,1640,51.6,23.067264
1641,1641,51.8,23.156672
1642,1642,52.1,23.290784000000002
1643,1643,52.5,23.4696
1644,1644,53.0,23.69312
1645,1645,53.5,23.91664
1646,1646,54.0,24.14016
1647,1647,54.9,24.542496
1648,1648,55.4,24.766016
1649,1649,55.6,24.855424000000003
1650,1650,56.0,25.03424
1651,1651,56.0,25.03424
1652,1652,55.8,24.944831999999998
1653,1653,55.2,24.676608000000005
1654,1654,54.5,24.36368
1655,1655,53.6,23.961344000000004
1656,1656,52.5,23.4696
1657,1657,51.5,23.022560000000002
1658,1658,51.5,23.022560000000002
1659,1659,51.5,23.022560000000002
1660,1660,51.1,22.843744000000004
1661,1661,50.1,22.396704000000003
1662,1662,50.0,22.352
1663,1663,50.1,22.396704000000003
1664,1664,50.0,22.352
1665,1665,49.6,22.173184000000003
1666,1666,49.5,22.128480000000003
1667,1667,49.5,22.128480000000003
1668,1668,49.5,22.128480000000003
1669,1669,49.1,21.949664000000002
1670,1670,48.6,21.726144
1671,1671,48.1,21.502624
1672,1672,47.2,21.100288000000003
1673,1673,46.1,20.608544000000002
1674,1674,45.0,20.116799999999998
1675,1675,43.8,19.580352
1676,1676,42.6,19.043904
1677,1677,41.5,18.55216
1678,1678,40.3,18.015711999999997
1679,1679,38.5,17.21104
1680,1680,37.0,16.540480000000002
1681,1681,35.2,15.735808000000002
1682,1682,33.8,15.109952
1683,1683,32.5,14.5288
1684,1684,31.5,14.081760000000001
1685,1685,30.6,13.679424000000003
1686,1686,30.5,13.63472
1687,1687,30.0,13.411200000000001
1688,1688,29.0,12.96416
1689,1689,27.5,12.293600000000001
1690,1690,24.8,11.086592000000001
1691,1691,21.5,9.611360000000001
1692,1692,20.1,8.985504
1693,1693,19.1,8.538464000000001
1694,1694,18.5,8.270240000000001
1695,1695,17.0,7.59968
1696,1696,15.5,6.92912
1697,1697,12.5,5.588
1698,1698,10.8,4.828032000000001
1699,1699,8.0,3.57632
1700,1700,4.7,2.1010880000000003
1701,1701,1.4,0.625856
1702,1702,0.0,0.0
1703,1703,0.0,0.0
1704,1704,0.0,0.0
1705,1705,0.0,0.0
1706,1706,0.0,0.0
1707,1707,0.0,0.0
1708,1708,0.0,0.0
1709,1709,0.0,0.0
1710,1710,0.0,0.0
1711,1711,0.0,0.0
1712,1712,0.0,0.0
1713,1713,0.0,0.0
1714,1714,0.0,0.0
1715,1715,0.0,0.0
1716,1716,1.0,0.44704
1717,1717,4.3,1.922272
1718,1718,7.6,3.3975039999999996
1719,1719,10.9,4.872736000000001
1720,1720,14.2,6.347968
1721,1721,17.3,7.733792000000001
1722,1722,20.0,8.940800000000001
1723,1723,22.5,10.058399999999999
1724,1724,23.7,10.594848
1725,1725,25.2,11.265407999999999
1726,1726,26.6,11.891264000000001
1727,1727,28.1,12.561824000000001
1728,1728,30.0,13.411200000000001
1729,1729,30.8,13.768832000000002
1730,1730,31.6,14.126464000000002
1731,1731,32.1,14.349984000000001
1732,1732,32.8,14.662911999999999
1733,1733,33.6,15.020544000000003
1734,1734,34.5,15.42288
1735,1735,34.6,15.467584000000002
1736,1736,34.9,15.601696
1737,1737,34.8,15.556992
1738,1738,34.5,15.42288
1739,1739,34.7,15.512288000000003
1740,1740,35.5,15.869920000000002
1741,1741,36.0,16.09344
1742,1742,36.0,16.09344
1743,1743,36.0,16.09344
1744,1744,36.0,16.09344
1745,1745,36.0,16.09344
1746,1746,36.0,16.09344
1747,1747,36.1,16.138144
1748,1748,36.4,16.272256
1749,1749,36.5,16.316959999999998
1750,1750,36.4,16.272256
1751,1751,36.0,16.09344
1752,1752,35.1,15.691104000000001
1753,1753,34.1,15.244064000000002
1754,1754,33.5,14.975840000000002
1755,1755,31.4,14.037056
1756,1756,29.0,12.96416
1757,1757,25.7,11.488928000000001
1758,1758,23.0,10.281920000000001
1759,1759,20.3,9.074912
1760,1760,17.5,7.8232
1761,1761,14.5,6.48208
1762,1762,12.0,5.36448
1763,1763,8.7,3.889248
1764,1764,5.4,2.4140160000000006
1765,1765,2.1,0.9387840000000002
1766,1766,0.0,0.0
1767,1767,0.0,0.0
1768,1768,0.0,0.0
1769,1769,0.0,0.0
1770,1770,0.0,0.0
1771,1771,0.0,0.0
1772,1772,2.6,1.1623040000000002
1773,1773,5.9,2.6375360000000003
1774,1774,9.2,4.112768
1775,1775,12.5,5.588
1776,1776,15.8,7.063232000000001
1777,1777,19.1,8.538464000000001
1778,1778,22.4,10.013696
1779,1779,25.0,11.176
1780,1780,25.6,11.444224000000002
1781,1781,27.5,12.293600000000001
1782,1782,29.0,12.96416
1783,1783,30.0,13.411200000000001
1784,1784,30.1,13.455904
1785,1785,30.0,13.411200000000001
1786,1786,29.7,13.277088000000001
1787,1787,29.3,13.098272
1788,1788,28.8,12.874752
1789,1789,28.0,12.51712
1790,1790,25.0,11.176
1791,1791,21.7,9.700768
1792,1792,18.4,8.225536
1793,1793,15.1,6.750304
1794,1794,11.8,5.275072000000001
1795,1795,8.5,3.79984
1796,1796,5.2,2.3246080000000005
1797,1797,1.9,0.8493759999999999
1798,1798,0.0,0.0
1799,1799,0.0,0.0
1800,1800,0.0,0.0
1801,1801,0.0,0.0
1802,1802,0.0,0.0
1803,1803,0.0,0.0
1804,1804,0.0,0.0
1805,1805,0.0,0.0
1806,1806,0.0,0.0
1807,1807,0.0,0.0
1808,1808,0.0,0.0
1809,1809,0.0,0.0
1810,1810,0.0,0.0
1811,1811,0.0,0.0
1812,1812,0.0,0.0
1813,1813,0.0,0.0
1814,1814,0.0,0.0
1815,1815,0.0,0.0
1816,1816,0.0,0.0
1817,1817,3.3,1.4752319999999999
1818,1818,6.6,2.9504639999999998
1819,1819,9.9,4.425696
1820,1820,13.2,5.9009279999999995
1821,1821,16.5,7.3761600000000005
1822,1822,19.8,8.851392
1823,1823,23.1,10.326624
1824,1824,26.4,11.801855999999999
1825,1825,27.8,12.427712000000001
1826,1826,29.1,13.008864
1827,1827,31.5,14.081760000000001
1828,1828,33.0,14.752320000000001
1829,1829,33.6,15.020544000000003
1830,1830,34.8,15.556992
1831,1831,35.1,15.691104000000001
1832,1832,35.6,15.914624000000002
1833,1833,36.1,16.138144
1834,1834,36.0,16.09344
1835,1835,36.1,16.138144
1836,1836,36.2,16.182848000000003
1837,1837,36.0,16.09344
1838,1838,35.7,15.959328000000003
1839,1839,36.0,16.09344
1840,1840,36.0,16.09344
1841,1841,35.6,15.914624000000002
1842,1842,35.5,15.869920000000002
1843,1843,35.4,15.825216
1844,1844,35.2,15.735808000000002
1845,1845,35.2,15.735808000000002
1846,1846,35.2,15.735808000000002
1847,1847,35.2,15.735808000000002
1848,1848,35.2,15.735808000000002
1849,1849,35.2,15.735808000000002
1850,1850,35.0,15.6464
1851,1851,35.1,15.691104000000001
1852,1852,35.2,15.735808000000002
1853,1853,35.5,15.869920000000002
1854,1854,35.2,15.735808000000002
1855,1855,35.0,15.6464
1856,1856,35.0,15.6464
1857,1857,35.0,15.6464
1858,1858,34.8,15.556992
1859,1859,34.6,15.467584000000002
1860,1860,34.5,15.42288
1861,1861,33.5,14.975840000000002
1862,1862,32.0,14.30528
1863,1863,30.1,13.455904
1864,1864,28.0,12.51712
1865,1865,25.5,11.39952
1866,1866,22.5,10.058399999999999
1867,1867,19.8,8.851392
1868,1868,16.5,7.3761600000000005
1869,1869,13.2,5.9009279999999995
1870,1870,10.3,4.604512000000001
1871,1871,7.2,3.218688
1872,1872,4.0,1.78816
1873,1873,1.0,0.44704
1874,1874,0.0,0.0
