,time[s],velocity[km/h],velocity[m/s]
0,0,0.0,0.0
1,1,0.0,0.0
2,2,0.0,0.0
3,3,0.0,0.0
4,4,0.0,0.0
5,5,0.0,0.0
6,6,0.0,0.0
7,7,0.0,0.0
8,8,0.0,0.0
9,9,0.0,0.0
10,10,0.0,0.0
11,11,0.0,0.0
12,12,0.2,0.05555555555555556
13,13,1.7,0.4722222222222222
14,14,5.4,1.5
15,15,9.9,2.75
16,16,13.1,3.638888888888889
17,17,16.9,4.694444444444444
18,18,21.7,6.027777777777778
19,19,26.0,7.222222222222222
20,20,27.5,7.638888888888888
21,21,28.1,7.805555555555555
22,22,28.3,7.861111111111111
23,23,28.8,8.0
24,24,29.1,8.083333333333334
25,25,30.8,8.555555555555555
26,26,31.9,8.86111111111111
27,27,34.1,9.472222222222223
28,28,36.6,10.166666666666666
29,29,39.1,10.86111111111111
30,30,41.3,11.472222222222221
31,31,42.5,11.805555555555555
32,32,43.3,12.027777777777777
33,33,43.9,12.194444444444443
34,34,44.4,12.333333333333332
35,35,44.5,12.36111111111111
36,36,44.2,12.277777777777779
37,37,42.7,11.861111111111112
38,38,39.9,11.083333333333332
39,39,37.0,10.277777777777777
40,40,34.6,9.61111111111111
41,41,32.3,8.972222222222221
42,42,29.0,8.055555555555555
43,43,25.1,6.972222222222222
44,44,22.2,6.166666666666666
45,45,20.9,5.805555555555555
46,46,20.4,5.666666666666666
47,47,19.5,5.416666666666667
48,48,18.4,5.111111111111111
49,49,17.8,4.944444444444445
50,50,17.8,4.944444444444445
51,51,17.4,4.833333333333333
52,52,15.7,4.361111111111111
53,53,13.1,3.638888888888889
54,54,12.1,3.3611111111111107
55,55,12.0,3.333333333333333
56,56,12.0,3.333333333333333
57,57,12.0,3.333333333333333
58,58,12.3,3.416666666666667
59,59,12.6,3.5
60,60,14.7,4.083333333333333
61,61,15.3,4.25
62,62,15.9,4.416666666666667
63,63,16.2,4.5
64,64,17.1,4.75
65,65,17.8,4.944444444444445
66,66,18.1,5.027777777777778
67,67,18.4,5.111111111111111
68,68,20.3,5.638888888888889
69,69,23.2,6.444444444444444
70,70,26.5,7.361111111111111
71,71,29.8,8.277777777777779
72,72,32.6,9.055555555555555
73,73,34.4,9.555555555555555
74,74,35.5,9.86111111111111
75,75,36.4,10.11111111111111
76,76,37.4,10.388888888888888
77,77,38.5,10.694444444444445
78,78,39.3,10.916666666666666
79,79,39.5,10.972222222222221
80,80,39.0,10.833333333333334
81,81,38.5,10.694444444444445
82,82,37.3,10.36111111111111
83,83,37.0,10.277777777777777
84,84,36.7,10.194444444444445
85,85,35.9,9.972222222222221
86,86,35.3,9.805555555555555
87,87,34.6,9.61111111111111
88,88,34.2,9.5
89,89,31.9,8.86111111111111
90,90,27.3,7.583333333333333
91,91,22.0,6.111111111111111
92,92,17.0,4.722222222222222
93,93,14.2,3.944444444444444
94,94,12.0,3.333333333333333
95,95,9.1,2.5277777777777777
96,96,5.8,1.611111111111111
97,97,3.6,1.0
98,98,2.2,0.6111111111111112
99,99,0.0,0.0
100,100,0.0,0.0
101,101,0.0,0.0
102,102,0.0,0.0
103,103,0.0,0.0
104,104,0.0,0.0
105,105,0.0,0.0
106,106,0.0,0.0
107,107,0.0,0.0
108,108,0.0,0.0
109,109,0.0,0.0
110,110,0.0,0.0
111,111,0.0,0.0
112,112,0.0,0.0
113,113,0.0,0.0
114,114,0.0,0.0
115,115,0.0,0.0
116,116,0.0,0.0
117,117,0.0,0.0
118,118,0.0,0.0
119,119,0.0,0.0
120,120,0.0,0.0
121,121,0.0,0.0
122,122,0.0,0.0
123,123,0.0,0.0
124,124,0.0,0.0
125,125,0.0,0.0
126,126,0.0,0.0
127,127,0.0,0.0
128,128,0.0,0.0
129,129,0.0,0.0
130,130,0.0,0.0
131,131,0.0,0.0
132,132,0.0,0.0
133,133,0.0,0.0
134,134,0.0,0.0
135,135,0.0,0.0
136,136,0.0,0.0
137,137,0.0,0.0
138,138,0.2,0.05555555555555556
139,139,1.9,0.5277777777777778
140,140,6.1,1.6944444444444442
141,141,11.7,3.2499999999999996
142,142,16.4,4.555555555555555
143,143,18.9,5.249999999999999
144,144,19.9,5.527777777777778
145,145,20.8,5.777777777777778
146,146,22.8,6.333333333333333
147,147,25.4,7.055555555555555
148,148,27.7,7.694444444444444
149,149,29.2,8.11111111111111
150,150,29.8,8.277777777777779
151,151,29.4,8.166666666666666
152,152,27.2,7.555555555555555
153,153,22.6,6.277777777777778
154,154,17.3,4.805555555555555
155,155,13.3,3.6944444444444446
156,156,12.0,3.333333333333333
157,157,12.6,3.5
158,158,14.1,3.9166666666666665
159,159,17.2,4.777777777777778
160,160,20.1,5.583333333333334
161,161,23.4,6.499999999999999
162,162,25.5,7.083333333333333
163,163,27.6,7.666666666666667
164,164,29.5,8.194444444444445
165,165,31.1,8.63888888888889
166,166,32.1,8.916666666666666
167,167,33.2,9.222222222222223
168,168,35.2,9.777777777777779
169,169,37.2,10.333333333333334
170,170,38.0,10.555555555555555
171,171,37.4,10.388888888888888
172,172,35.1,9.75
173,173,31.0,8.61111111111111
174,174,27.1,7.527777777777778
175,175,25.3,7.027777777777778
176,176,25.1,6.972222222222222
177,177,25.9,7.194444444444444
178,178,27.8,7.722222222222222
179,179,29.2,8.11111111111111
180,180,29.6,8.222222222222223
181,181,29.5,8.194444444444445
182,182,29.2,8.11111111111111
183,183,28.3,7.861111111111111
184,184,26.1,7.25
185,185,23.6,6.555555555555555
186,186,21.0,5.833333333333333
187,187,18.9,5.249999999999999
188,188,17.1,4.75
189,189,15.7,4.361111111111111
190,190,14.5,4.027777777777778
191,191,13.7,3.8055555555555554
192,192,12.9,3.5833333333333335
193,193,12.5,3.4722222222222223
194,194,12.2,3.3888888888888884
195,195,12.0,3.333333333333333
196,196,12.0,3.333333333333333
197,197,12.0,3.333333333333333
198,198,12.0,3.333333333333333
199,199,12.5,3.4722222222222223
200,200,13.0,3.611111111111111
201,201,14.0,3.888888888888889
202,202,15.0,4.166666666666667
203,203,16.5,4.583333333333333
204,204,19.0,5.277777777777778
205,205,21.2,5.888888888888888
206,206,23.8,6.611111111111111
207,207,26.9,7.472222222222221
208,208,29.6,8.222222222222223
209,209,32.0,8.88888888888889
210,210,35.2,9.777777777777779
211,211,37.5,10.416666666666666
212,212,39.2,10.88888888888889
213,213,40.5,11.25
214,214,41.6,11.555555555555555
215,215,43.1,11.972222222222223
216,216,45.0,12.5
217,217,47.1,13.083333333333334
218,218,49.0,13.61111111111111
219,219,50.6,14.055555555555555
220,220,51.8,14.388888888888888
221,221,52.7,14.63888888888889
222,222,53.1,14.75
223,223,53.5,14.86111111111111
224,224,53.8,14.944444444444443
225,225,54.2,15.055555555555555
226,226,54.8,15.222222222222221
227,227,55.3,15.36111111111111
228,228,55.8,15.499999999999998
229,229,56.2,15.61111111111111
230,230,56.5,15.694444444444445
231,231,56.5,15.694444444444445
232,232,56.2,15.61111111111111
233,233,54.9,15.25
234,234,52.9,14.694444444444443
235,235,51.0,14.166666666666666
236,236,49.8,13.833333333333332
237,237,49.2,13.666666666666668
238,238,48.4,13.444444444444443
239,239,46.9,13.027777777777777
240,240,44.3,12.305555555555554
241,241,41.5,11.527777777777777
242,242,39.5,10.972222222222221
243,243,37.0,10.277777777777777
244,244,34.6,9.61111111111111
245,245,32.3,8.972222222222221
246,246,29.0,8.055555555555555
247,247,25.1,6.972222222222222
248,248,22.2,6.166666666666666
249,249,20.9,5.805555555555555
250,250,20.4,5.666666666666666
251,251,19.5,5.416666666666667
252,252,18.4,5.111111111111111
253,253,17.8,4.944444444444445
254,254,17.8,4.944444444444445
255,255,17.4,4.833333333333333
256,256,15.7,4.361111111111111
257,257,14.5,4.027777777777778
258,258,15.4,4.277777777777778
259,259,17.9,4.972222222222221
260,260,20.6,5.722222222222222
261,261,23.2,6.444444444444444
262,262,25.7,7.138888888888888
263,263,28.7,7.972222222222221
264,264,32.5,9.027777777777777
265,265,36.1,10.027777777777779
266,266,39.0,10.833333333333334
267,267,40.8,11.333333333333332
268,268,42.9,11.916666666666666
269,269,44.4,12.333333333333332
270,270,45.9,12.75
271,271,46.0,12.777777777777777
272,272,45.6,12.666666666666666
273,273,45.3,12.583333333333332
274,274,43.7,12.13888888888889
275,275,40.8,11.333333333333332
276,276,38.0,10.555555555555555
277,277,34.4,9.555555555555555
278,278,30.9,8.583333333333332
279,279,25.5,7.083333333333333
280,280,21.4,5.944444444444444
281,281,20.2,5.611111111111111
282,282,22.9,6.361111111111111
283,283,26.6,7.388888888888889
284,284,30.2,8.38888888888889
285,285,34.1,9.472222222222223
286,286,37.4,10.388888888888888
287,287,40.7,11.305555555555555
288,288,44.0,12.222222222222221
289,289,47.3,13.138888888888888
290,290,49.2,13.666666666666668
291,291,49.8,13.833333333333332
292,292,49.2,13.666666666666668
293,293,48.1,13.36111111111111
294,294,47.3,13.138888888888888
295,295,46.8,12.999999999999998
296,296,46.7,12.972222222222223
297,297,46.8,12.999999999999998
298,298,47.1,13.083333333333334
299,299,47.3,13.138888888888888
300,300,47.3,13.138888888888888
301,301,47.1,13.083333333333334
302,302,46.6,12.944444444444445
303,303,45.8,12.722222222222221
304,304,44.8,12.444444444444443
305,305,43.3,12.027777777777777
306,306,41.8,11.61111111111111
307,307,40.8,11.333333333333332
308,308,40.3,11.194444444444443
309,309,40.1,11.13888888888889
310,310,39.7,11.027777777777779
311,311,39.2,10.88888888888889
312,312,38.5,10.694444444444445
313,313,37.4,10.388888888888888
314,314,36.0,10.0
315,315,34.4,9.555555555555555
316,316,33.0,9.166666666666666
317,317,31.7,8.805555555555555
318,318,30.0,8.333333333333334
319,319,28.0,7.777777777777778
320,320,26.1,7.25
321,321,25.6,7.111111111111112
322,322,24.9,6.916666666666666
323,323,24.9,6.916666666666666
324,324,24.3,6.75
325,325,23.9,6.638888888888888
326,326,23.9,6.638888888888888
327,327,23.6,6.555555555555555
328,328,23.3,6.472222222222222
329,329,20.5,5.694444444444445
330,330,17.5,4.861111111111111
331,331,16.9,4.694444444444444
332,332,16.7,4.638888888888888
333,333,15.9,4.416666666666667
334,334,15.6,4.333333333333333
335,335,15.0,4.166666666666667
336,336,14.5,4.027777777777778
337,337,14.3,3.9722222222222223
338,338,14.5,4.027777777777778
339,339,15.4,4.277777777777778
340,340,17.8,4.944444444444445
341,341,21.1,5.861111111111112
342,342,24.1,6.694444444444445
343,343,25.0,6.944444444444445
344,344,25.3,7.027777777777778
345,345,25.5,7.083333333333333
346,346,26.4,7.333333333333333
347,347,26.6,7.388888888888889
348,348,27.1,7.527777777777778
349,349,27.7,7.694444444444444
350,350,28.1,7.805555555555555
351,351,28.2,7.833333333333333
352,352,28.1,7.805555555555555
353,353,28.0,7.777777777777778
354,354,27.9,7.749999999999999
355,355,27.9,7.749999999999999
356,356,28.1,7.805555555555555
357,357,28.2,7.833333333333333
358,358,28.0,7.777777777777778
359,359,26.9,7.472222222222221
360,360,25.0,6.944444444444445
361,361,23.2,6.444444444444444
362,362,21.9,6.083333333333333
363,363,21.1,5.861111111111112
364,364,20.7,5.75
365,365,20.7,5.75
366,366,20.8,5.777777777777778
367,367,21.2,5.888888888888888
368,368,22.1,6.138888888888889
369,369,23.5,6.527777777777778
370,370,24.3,6.75
371,371,24.5,6.805555555555555
372,372,23.8,6.611111111111111
373,373,21.3,5.916666666666667
374,374,17.7,4.916666666666666
375,375,14.4,4.0
376,376,11.9,3.3055555555555554
377,377,10.2,2.833333333333333
378,378,8.9,2.4722222222222223
379,379,8.0,2.2222222222222223
380,380,7.2,2.0
381,381,6.1,1.6944444444444442
382,382,4.9,1.3611111111111112
383,383,3.7,1.027777777777778
384,384,2.3,0.6388888888888888
385,385,0.9,0.25
386,386,0.0,0.0
387,387,0.0,0.0
388,388,0.0,0.0
389,389,0.0,0.0
390,390,0.0,0.0
391,391,0.0,0.0
392,392,0.5,0.1388888888888889
393,393,2.1,0.5833333333333334
394,394,4.8,1.3333333333333333
395,395,8.3,2.305555555555556
396,396,12.3,3.416666666666667
397,397,16.6,4.611111111111112
398,398,20.9,5.805555555555555
399,399,24.2,6.722222222222221
400,400,25.6,7.111111111111112
401,401,25.6,7.111111111111112
402,402,24.9,6.916666666666666
403,403,23.3,6.472222222222222
404,404,21.6,6.0
405,405,20.2,5.611111111111111
406,406,18.7,5.194444444444444
407,407,17.0,4.722222222222222
408,408,15.3,4.25
409,409,14.2,3.944444444444444
410,410,13.9,3.861111111111111
411,411,14.0,3.888888888888889
412,412,14.2,3.944444444444444
413,413,14.5,4.027777777777778
414,414,14.9,4.138888888888889
415,415,15.9,4.416666666666667
416,416,17.4,4.833333333333333
417,417,18.7,5.194444444444444
418,418,19.1,5.305555555555556
419,419,18.8,5.222222222222222
420,420,17.6,4.888888888888889
421,421,16.6,4.611111111111112
422,422,16.2,4.5
423,423,16.4,4.555555555555555
424,424,17.2,4.777777777777778
425,425,19.1,5.305555555555556
426,426,22.6,6.277777777777778
427,427,27.4,7.611111111111111
428,428,31.6,8.777777777777779
429,429,33.4,9.277777777777777
430,430,33.5,9.305555555555555
431,431,32.8,9.11111111111111
432,432,31.9,8.86111111111111
433,433,31.3,8.694444444444445
434,434,31.1,8.63888888888889
435,435,30.6,8.5
436,436,29.2,8.11111111111111
437,437,26.7,7.416666666666666
438,438,23.0,6.388888888888888
439,439,18.2,5.055555555555555
440,440,12.9,3.5833333333333335
441,441,7.7,2.138888888888889
442,442,3.8,1.0555555555555556
443,443,1.3,0.3611111111111111
444,444,0.2,0.05555555555555556
445,445,0.0,0.0
446,446,0.0,0.0
447,447,0.0,0.0
448,448,0.0,0.0
449,449,0.0,0.0
450,450,0.0,0.0
451,451,0.0,0.0
452,452,0.0,0.0
453,453,0.0,0.0
454,454,0.0,0.0
455,455,0.0,0.0
456,456,0.0,0.0
457,457,0.0,0.0
458,458,0.0,0.0
459,459,0.0,0.0
460,460,0.0,0.0
461,461,0.0,0.0
462,462,0.0,0.0
463,463,0.0,0.0
464,464,0.0,0.0
465,465,0.0,0.0
466,466,0.0,0.0
467,467,0.0,0.0
468,468,0.0,0.0
469,469,0.0,0.0
470,470,0.0,0.0
471,471,0.0,0.0
472,472,0.0,0.0
473,473,0.0,0.0
474,474,0.0,0.0
475,475,0.0,0.0
476,476,0.0,0.0
477,477,0.0,0.0
478,478,0.0,0.0
479,479,0.0,0.0
480,480,0.0,0.0
481,481,0.0,0.0
482,482,0.0,0.0
483,483,0.0,0.0
484,484,0.0,0.0
485,485,0.0,0.0
486,486,0.0,0.0
487,487,0.0,0.0
488,488,0.0,0.0
489,489,0.0,0.0
490,490,0.0,0.0
491,491,0.0,0.0
492,492,0.0,0.0
493,493,0.0,0.0
494,494,0.0,0.0
495,495,0.0,0.0
496,496,0.0,0.0
497,497,0.0,0.0
498,498,0.0,0.0
499,499,0.0,0.0
500,500,0.0,0.0
501,501,0.0,0.0
502,502,0.0,0.0
503,503,0.0,0.0
504,504,0.0,0.0
505,505,0.0,0.0
506,506,0.0,0.0
507,507,0.0,0.0
508,508,0.0,0.0
509,509,0.0,0.0
510,510,0.0,0.0
511,511,0.0,0.0
512,512,0.5,0.1388888888888889
513,513,2.5,0.6944444444444444
514,514,6.6,1.8333333333333333
515,515,11.8,3.2777777777777777
516,516,16.8,4.666666666666667
517,517,20.5,5.694444444444445
518,518,21.9,6.083333333333333
519,519,21.9,6.083333333333333
520,520,21.3,5.916666666666667
521,521,20.3,5.638888888888889
522,522,19.2,5.333333333333333
523,523,17.8,4.944444444444445
524,524,15.5,4.305555555555555
525,525,11.9,3.3055555555555554
526,526,7.6,2.111111111111111
527,527,4.0,1.1111111111111112
528,528,2.0,0.5555555555555556
529,529,1.0,0.2777777777777778
530,530,0.0,0.0
531,531,0.0,0.0
532,532,0.0,0.0
533,533,0.2,0.05555555555555556
534,534,1.2,0.3333333333333333
535,535,3.2,0.888888888888889
536,536,5.2,1.4444444444444444
537,537,8.2,2.2777777777777777
538,538,13.0,3.611111111111111
539,539,18.8,5.222222222222222
540,540,23.1,6.416666666666667
541,541,24.5,6.805555555555555
542,542,24.5,6.805555555555555
543,543,24.3,6.75
544,544,23.6,6.555555555555555
545,545,22.3,6.194444444444445
546,546,20.1,5.583333333333334
547,547,18.5,5.138888888888888
548,548,17.2,4.777777777777778
549,549,16.3,4.527777777777778
550,550,15.4,4.277777777777778
551,551,14.7,4.083333333333333
552,552,14.3,3.9722222222222223
553,553,13.7,3.8055555555555554
554,554,13.3,3.6944444444444446
555,555,13.1,3.638888888888889
556,556,13.1,3.638888888888889
557,557,13.3,3.6944444444444446
558,558,13.8,3.8333333333333335
559,559,14.5,4.027777777777778
560,560,16.5,4.583333333333333
561,561,17.0,4.722222222222222
562,562,17.0,4.722222222222222
563,563,17.0,4.722222222222222
564,564,15.4,4.277777777777778
565,565,10.1,2.8055555555555554
566,566,4.8,1.3333333333333333
567,567,0.0,0.0
568,568,0.0,0.0
569,569,0.0,0.0
570,570,0.0,0.0
571,571,0.0,0.0
572,572,0.0,0.0
573,573,0.0,0.0
574,574,0.0,0.0
575,575,0.0,0.0
576,576,0.0,0.0
577,577,0.0,0.0
578,578,0.0,0.0
579,579,0.0,0.0
580,580,0.0,0.0
581,581,0.0,0.0
582,582,0.0,0.0
583,583,0.0,0.0
584,584,0.0,0.0
585,585,0.0,0.0
586,586,0.0,0.0
587,587,0.0,0.0
588,588,0.0,0.0
589,589,0.0,0.0
590,590,0.0,0.0
591,591,0.0,0.0
592,592,0.0,0.0
593,593,0.0,0.0
594,594,0.0,0.0
595,595,0.0,0.0
596,596,0.0,0.0
597,597,0.0,0.0
598,598,0.0,0.0
599,599,0.0,0.0
600,600,0.0,0.0
601,601,1.0,0.2777777777777778
602,602,2.1,0.5833333333333334
603,603,4.8,1.3333333333333333
604,604,9.1,2.5277777777777777
605,605,14.2,3.944444444444444
606,606,19.8,5.5
607,607,25.5,7.083333333333333
608,608,30.5,8.472222222222221
609,609,34.8,9.666666666666666
610,610,38.8,10.777777777777777
611,611,42.9,11.916666666666666
612,612,46.4,12.888888888888888
613,613,48.3,13.416666666666666
614,614,48.7,13.527777777777779
615,615,48.5,13.472222222222221
616,616,48.4,13.444444444444443
617,617,48.2,13.38888888888889
618,618,47.8,13.277777777777777
619,619,47.0,13.055555555555555
620,620,45.9,12.75
621,621,44.9,12.472222222222221
622,622,44.4,12.333333333333332
623,623,44.3,12.305555555555554
624,624,44.5,12.36111111111111
625,625,45.1,12.527777777777779
626,626,45.7,12.694444444444445
627,627,46.0,12.777777777777777
628,628,46.0,12.777777777777777
629,629,46.0,12.777777777777777
630,630,46.1,12.805555555555555
631,631,46.7,12.972222222222223
632,632,47.7,13.25
633,633,48.9,13.583333333333332
634,634,50.3,13.972222222222221
635,635,51.6,14.333333333333334
636,636,52.6,14.61111111111111
637,637,53.0,14.722222222222221
638,638,53.0,14.722222222222221
639,639,52.9,14.694444444444443
640,640,52.7,14.63888888888889
641,641,52.6,14.61111111111111
642,642,53.1,14.75
643,643,54.3,15.083333333333332
644,644,55.2,15.333333333333334
645,645,55.5,15.416666666666666
646,646,55.9,15.527777777777777
647,647,56.3,15.638888888888888
648,648,56.7,15.75
649,649,56.9,15.805555555555555
650,650,56.8,15.777777777777777
651,651,56.0,15.555555555555555
652,652,54.2,15.055555555555555
653,653,52.1,14.472222222222221
654,654,50.1,13.916666666666666
655,655,47.2,13.11111111111111
656,656,43.2,12.0
657,657,39.2,10.88888888888889
658,658,36.5,10.13888888888889
659,659,34.3,9.527777777777777
660,660,31.0,8.61111111111111
661,661,26.0,7.222222222222222
662,662,20.7,5.75
663,663,15.4,4.277777777777778
664,664,13.1,3.638888888888889
665,665,12.0,3.333333333333333
666,666,12.5,3.4722222222222223
667,667,14.0,3.888888888888889
668,668,19.0,5.277777777777778
669,669,23.2,6.444444444444444
670,670,28.0,7.777777777777778
671,671,32.0,8.88888888888889
672,672,34.0,9.444444444444445
673,673,36.0,10.0
674,674,38.0,10.555555555555555
675,675,40.0,11.11111111111111
676,676,40.3,11.194444444444443
677,677,40.5,11.25
678,678,39.0,10.833333333333334
679,679,35.7,9.916666666666668
680,680,31.8,8.833333333333334
681,681,27.1,7.527777777777778
682,682,22.8,6.333333333333333
683,683,21.1,5.861111111111112
684,684,18.9,5.249999999999999
685,685,18.9,5.249999999999999
686,686,21.3,5.916666666666667
687,687,23.9,6.638888888888888
688,688,25.9,7.194444444444444
689,689,28.4,7.888888888888888
690,690,30.3,8.416666666666666
691,691,30.9,8.583333333333332
692,692,31.1,8.63888888888889
693,693,31.8,8.833333333333334
694,694,32.7,9.083333333333334
695,695,33.2,9.222222222222223
696,696,32.4,9.0
697,697,28.3,7.861111111111111
698,698,25.8,7.166666666666667
699,699,23.1,6.416666666666667
700,700,21.8,6.055555555555555
701,701,21.2,5.888888888888888
702,702,21.0,5.833333333333333
703,703,21.0,5.833333333333333
704,704,20.9,5.805555555555555
705,705,19.9,5.527777777777778
706,706,17.9,4.972222222222221
707,707,15.1,4.194444444444445
708,708,12.8,3.555555555555556
709,709,12.0,3.333333333333333
710,710,13.2,3.6666666666666665
711,711,17.1,4.75
712,712,21.1,5.861111111111112
713,713,21.8,6.055555555555555
714,714,21.2,5.888888888888888
715,715,18.5,5.138888888888888
716,716,13.9,3.861111111111111
717,717,12.0,3.333333333333333
718,718,12.0,3.333333333333333
719,719,13.0,3.611111111111111
720,720,16.0,4.444444444444445
721,721,18.5,5.138888888888888
722,722,20.6,5.722222222222222
723,723,22.5,6.25
724,724,24.0,6.666666666666666
725,725,26.6,7.388888888888889
726,726,29.9,8.305555555555555
727,727,34.8,9.666666666666666
728,728,37.8,10.499999999999998
729,729,40.2,11.166666666666668
730,730,41.6,11.555555555555555
731,731,41.9,11.638888888888888
732,732,42.0,11.666666666666666
733,733,42.2,11.722222222222223
734,734,42.4,11.777777777777777
735,735,42.7,11.861111111111112
736,736,43.1,11.972222222222223
737,737,43.7,12.13888888888889
738,738,44.0,12.222222222222221
739,739,44.1,12.25
740,740,45.3,12.583333333333332
741,741,46.4,12.888888888888888
742,742,47.2,13.11111111111111
743,743,47.3,13.138888888888888
744,744,47.4,13.166666666666666
745,745,47.4,13.166666666666666
746,746,47.5,13.194444444444445
747,747,47.9,13.305555555555555
748,748,48.6,13.5
749,749,49.4,13.722222222222221
750,750,49.8,13.833333333333332
751,751,49.8,13.833333333333332
752,752,49.7,13.805555555555555
753,753,49.3,13.694444444444443
754,754,48.5,13.472222222222221
755,755,47.6,13.222222222222221
756,756,46.3,12.86111111111111
757,757,43.7,12.13888888888889
758,758,39.3,10.916666666666666
759,759,34.1,9.472222222222223
760,760,29.0,8.055555555555555
761,761,23.7,6.583333333333333
762,762,18.4,5.111111111111111
763,763,14.3,3.9722222222222223
764,764,12.0,3.333333333333333
765,765,12.8,3.555555555555556
766,766,16.0,4.444444444444445
767,767,19.1,5.305555555555556
768,768,22.4,6.222222222222221
769,769,25.6,7.111111111111112
770,770,30.1,8.36111111111111
771,771,35.3,9.805555555555555
772,772,39.9,11.083333333333332
773,773,44.5,12.36111111111111
774,774,47.5,13.194444444444445
775,775,50.9,14.138888888888888
776,776,54.1,15.027777777777779
777,777,56.3,15.638888888888888
778,778,58.1,16.13888888888889
779,779,59.8,16.61111111111111
780,780,61.1,16.97222222222222
781,781,62.1,17.25
782,782,62.8,17.444444444444443
783,783,63.3,17.583333333333332
784,784,63.6,17.666666666666668
785,785,64.0,17.77777777777778
786,786,64.7,17.97222222222222
787,787,65.2,18.11111111111111
788,788,65.3,18.13888888888889
789,789,65.3,18.13888888888889
790,790,65.4,18.166666666666668
791,791,65.7,18.25
792,792,66.0,18.333333333333332
793,793,65.6,18.22222222222222
794,794,63.5,17.63888888888889
795,795,59.7,16.583333333333332
796,796,54.6,15.166666666666666
797,797,49.3,13.694444444444443
798,798,44.9,12.472222222222221
799,799,42.3,11.749999999999998
800,800,41.4,11.5
801,801,41.3,11.472222222222221
802,802,42.1,11.694444444444445
803,803,44.7,12.416666666666668
804,804,48.4,13.444444444444443
805,805,51.4,14.277777777777777
806,806,52.7,14.63888888888889
807,807,53.0,14.722222222222221
808,808,52.5,14.583333333333332
809,809,51.3,14.249999999999998
810,810,49.7,13.805555555555555
811,811,47.4,13.166666666666666
812,812,43.7,12.13888888888889
813,813,39.7,11.027777777777779
814,814,35.5,9.86111111111111
815,815,31.1,8.63888888888889
816,816,26.3,7.305555555555555
817,817,21.9,6.083333333333333
818,818,18.0,5.0
819,819,17.0,4.722222222222222
820,820,18.0,5.0
821,821,21.4,5.944444444444444
822,822,24.8,6.888888888888889
823,823,27.9,7.749999999999999
824,824,30.8,8.555555555555555
825,825,33.0,9.166666666666666
826,826,35.1,9.75
827,827,37.1,10.305555555555555
828,828,38.9,10.805555555555555
829,829,41.4,11.5
830,830,44.0,12.222222222222221
831,831,46.3,12.86111111111111
832,832,47.7,13.25
833,833,48.2,13.38888888888889
834,834,48.7,13.527777777777779
835,835,49.3,13.694444444444443
836,836,49.8,13.833333333333332
837,837,50.2,13.944444444444445
838,838,50.9,14.138888888888888
839,839,51.8,14.388888888888888
840,840,52.5,14.583333333333332
841,841,53.3,14.805555555555554
842,842,54.5,15.13888888888889
843,843,55.7,15.472222222222223
844,844,56.5,15.694444444444445
845,845,56.8,15.777777777777777
846,846,57.0,15.833333333333332
847,847,57.2,15.88888888888889
848,848,57.7,16.02777777777778
849,849,58.7,16.305555555555557
850,850,60.1,16.694444444444443
851,851,61.1,16.97222222222222
852,852,61.7,17.13888888888889
853,853,62.3,17.305555555555554
854,854,62.9,17.47222222222222
855,855,63.3,17.583333333333332
856,856,63.4,17.61111111111111
857,857,63.5,17.63888888888889
858,858,64.5,17.916666666666668
859,859,65.8,18.277777777777775
860,860,66.8,18.555555555555554
861,861,67.4,18.722222222222225
862,862,68.8,19.11111111111111
863,863,71.1,19.749999999999996
864,864,72.3,20.083333333333332
865,865,72.8,20.22222222222222
866,866,73.4,20.38888888888889
867,867,74.6,20.72222222222222
868,868,76.0,21.11111111111111
869,869,76.6,21.277777777777775
870,870,76.5,21.25
871,871,76.2,21.166666666666668
872,872,75.8,21.055555555555554
873,873,75.4,20.944444444444446
874,874,74.8,20.777777777777775
875,875,73.9,20.52777777777778
876,876,72.7,20.194444444444446
877,877,71.3,19.805555555555554
878,878,70.4,19.555555555555557
879,879,70.0,19.444444444444443
880,880,70.0,19.444444444444443
881,881,69.0,19.166666666666668
882,882,68.0,18.88888888888889
883,883,68.0,18.88888888888889
884,884,68.0,18.88888888888889
885,885,68.1,18.916666666666664
886,886,68.4,19.0
887,887,68.6,19.055555555555554
888,888,68.7,19.083333333333332
889,889,68.5,19.02777777777778
890,890,68.1,18.916666666666664
891,891,67.3,18.694444444444443
892,892,66.2,18.38888888888889
893,893,64.8,18.0
894,894,63.6,17.666666666666668
895,895,62.6,17.38888888888889
896,896,62.1,17.25
897,897,61.9,17.194444444444443
898,898,61.9,17.194444444444443
899,899,61.8,17.166666666666664
900,900,61.5,17.083333333333332
901,901,60.9,16.916666666666664
902,902,59.7,16.583333333333332
903,903,54.6,15.166666666666666
904,904,49.3,13.694444444444443
905,905,44.9,12.472222222222221
906,906,42.3,11.749999999999998
907,907,41.4,11.5
908,908,41.3,11.472222222222221
909,909,42.1,11.694444444444445
910,910,44.7,12.416666666666668
911,911,48.4,13.444444444444443
912,912,51.4,14.277777777777777
913,913,52.7,14.63888888888889
914,914,54.0,15.0
915,915,57.0,15.833333333333332
916,916,58.1,16.13888888888889
917,917,59.2,16.444444444444446
918,918,59.0,16.38888888888889
919,919,59.1,16.416666666666668
920,920,59.5,16.52777777777778
921,921,60.5,16.805555555555554
922,922,62.3,17.305555555555554
923,923,63.9,17.75
924,924,65.1,18.083333333333332
925,925,64.1,17.805555555555554
926,926,62.7,17.416666666666668
927,927,62.0,17.22222222222222
928,928,61.3,17.027777777777775
929,929,60.9,16.916666666666664
930,930,60.5,16.805555555555554
931,931,60.2,16.72222222222222
932,932,59.8,16.61111111111111
933,933,59.4,16.5
934,934,58.6,16.27777777777778
935,935,57.5,15.972222222222221
936,936,56.6,15.722222222222221
937,937,56.0,15.555555555555555
938,938,55.5,15.416666666666666
939,939,55.0,15.277777777777777
940,940,54.4,15.11111111111111
941,941,54.1,15.027777777777779
942,942,54.0,15.0
943,943,53.9,14.972222222222221
944,944,53.9,14.972222222222221
945,945,54.0,15.0
946,946,54.2,15.055555555555555
947,947,55.0,15.277777777777777
948,948,55.8,15.499999999999998
949,949,56.2,15.61111111111111
950,950,56.1,15.583333333333334
951,951,55.1,15.305555555555555
952,952,52.7,14.63888888888889
953,953,48.4,13.444444444444443
954,954,43.1,11.972222222222223
955,955,37.8,10.499999999999998
956,956,32.5,9.027777777777777
957,957,27.2,7.555555555555555
958,958,25.1,6.972222222222222
959,959,26.0,7.222222222222222
960,960,29.3,8.13888888888889
961,961,34.6,9.61111111111111
962,962,40.4,11.222222222222221
963,963,45.3,12.583333333333332
964,964,49.0,13.61111111111111
965,965,51.1,14.194444444444445
966,966,52.1,14.472222222222221
967,967,52.2,14.5
968,968,52.1,14.472222222222221
969,969,51.7,14.36111111111111
970,970,50.9,14.138888888888888
971,971,49.2,13.666666666666668
972,972,45.9,12.75
973,973,40.6,11.277777777777779
974,974,35.3,9.805555555555555
975,975,30.0,8.333333333333334
976,976,24.7,6.861111111111111
977,977,19.3,5.361111111111112
978,978,16.0,4.444444444444445
979,979,13.2,3.6666666666666665
980,980,10.7,2.972222222222222
981,981,8.8,2.4444444444444446
982,982,7.2,2.0
983,983,5.5,1.5277777777777777
984,984,3.2,0.888888888888889
985,985,1.1,0.3055555555555556
986,986,0.0,0.0
987,987,0.0,0.0
988,988,0.0,0.0
989,989,0.0,0.0
990,990,0.0,0.0
991,991,0.0,0.0
992,992,0.0,0.0
993,993,0.0,0.0
994,994,0.0,0.0
995,995,0.0,0.0
996,996,0.0,0.0
997,997,0.0,0.0
998,998,0.0,0.0
999,999,0.0,0.0
1000,1000,0.0,0.0
1001,1001,0.0,0.0
1002,1002,0.0,0.0
1003,1003,0.0,0.0
1004,1004,0.0,0.0
1005,1005,0.0,0.0
1006,1006,0.0,0.0
1007,1007,0.0,0.0
1008,1008,0.0,0.0
1009,1009,0.0,0.0
1010,1010,0.0,0.0
1011,1011,0.0,0.0
1012,1012,0.0,0.0
1013,1013,0.0,0.0
1014,1014,0.0,0.0
1015,1015,0.0,0.0
1016,1016,0.0,0.0
1017,1017,0.0,0.0
1018,1018,0.0,0.0
1019,1019,0.0,0.0
1020,1020,0.0,0.0
1021,1021,0.0,0.0
1022,1022,0.0,0.0
1023,1023,0.0,0.0
1024,1024,0.0,0.0
1025,1025,0.0,0.0
1026,1026,0.0,0.0
1027,1027,0.8,0.22222222222222224
1028,1028,3.6,1.0
1029,1029,8.6,2.388888888888889
1030,1030,14.6,4.055555555555555
1031,1031,20.0,5.555555555555555
1032,1032,24.4,6.777777777777777
1033,1033,28.2,7.833333333333333
1034,1034,31.7,8.805555555555555
1035,1035,35.0,9.722222222222221
1036,1036,37.6,10.444444444444445
1037,1037,39.7,11.027777777777779
1038,1038,41.5,11.527777777777777
1039,1039,43.6,12.11111111111111
1040,1040,46.0,12.777777777777777
1041,1041,48.4,13.444444444444443
1042,1042,50.5,14.027777777777777
1043,1043,51.9,14.416666666666666
1044,1044,52.6,14.61111111111111
1045,1045,52.8,14.666666666666666
1046,1046,52.9,14.694444444444443
1047,1047,53.1,14.75
1048,1048,53.3,14.805555555555554
1049,1049,53.1,14.75
1050,1050,52.3,14.527777777777777
1051,1051,50.7,14.083333333333334
1052,1052,48.8,13.555555555555554
1053,1053,46.5,12.916666666666666
1054,1054,43.8,12.166666666666666
1055,1055,40.3,11.194444444444443
1056,1056,36.0,10.0
1057,1057,30.7,8.527777777777777
1058,1058,25.4,7.055555555555555
1059,1059,21.0,5.833333333333333
1060,1060,16.7,4.638888888888888
1061,1061,13.4,3.7222222222222223
1062,1062,12.0,3.333333333333333
1063,1063,12.1,3.3611111111111107
1064,1064,12.8,3.555555555555556
1065,1065,15.6,4.333333333333333
1066,1066,19.9,5.527777777777778
1067,1067,23.4,6.499999999999999
1068,1068,24.6,6.833333333333334
1069,1069,25.2,7.0
1070,1070,26.4,7.333333333333333
1071,1071,28.8,8.0
1072,1072,31.8,8.833333333333334
1073,1073,35.3,9.805555555555555
1074,1074,39.5,10.972222222222221
1075,1075,44.5,12.36111111111111
1076,1076,49.3,13.694444444444443
1077,1077,53.3,14.805555555555554
1078,1078,56.4,15.666666666666666
1079,1079,58.9,16.36111111111111
1080,1080,61.2,17.0
1081,1081,62.6,17.38888888888889
1082,1082,63.0,17.5
1083,1083,62.5,17.36111111111111
1084,1084,60.9,16.916666666666664
1085,1085,59.3,16.47222222222222
1086,1086,58.6,16.27777777777778
1087,1087,58.6,16.27777777777778
1088,1088,58.7,16.305555555555557
1089,1089,58.8,16.333333333333332
1090,1090,58.8,16.333333333333332
1091,1091,58.8,16.333333333333332
1092,1092,59.1,16.416666666666668
1093,1093,60.1,16.694444444444443
1094,1094,61.7,17.13888888888889
1095,1095,63.0,17.5
1096,1096,63.7,17.694444444444446
1097,1097,63.9,17.75
1098,1098,63.5,17.63888888888889
1099,1099,62.3,17.305555555555554
1100,1100,60.3,16.75
1101,1101,58.9,16.36111111111111
1102,1102,58.4,16.22222222222222
1103,1103,58.8,16.333333333333332
1104,1104,60.2,16.72222222222222
1105,1105,62.3,17.305555555555554
1106,1106,63.9,17.75
1107,1107,64.5,17.916666666666668
1108,1108,64.4,17.88888888888889
1109,1109,63.5,17.63888888888889
1110,1110,62.0,17.22222222222222
1111,1111,61.2,17.0
1112,1112,61.3,17.027777777777775
1113,1113,62.6,17.38888888888889
1114,1114,65.3,18.13888888888889
1115,1115,68.0,18.88888888888889
1116,1116,69.4,19.27777777777778
1117,1117,69.7,19.36111111111111
1118,1118,69.3,19.25
1119,1119,68.1,18.916666666666664
1120,1120,66.9,18.583333333333336
1121,1121,66.2,18.38888888888889
1122,1122,65.7,18.25
1123,1123,64.9,18.02777777777778
1124,1124,63.2,17.555555555555557
1125,1125,60.3,16.75
1126,1126,55.8,15.499999999999998
1127,1127,50.5,14.027777777777777
1128,1128,45.2,12.555555555555555
1129,1129,40.1,11.13888888888889
1130,1130,36.2,10.055555555555555
1131,1131,32.9,9.138888888888888
1132,1132,29.8,8.277777777777779
1133,1133,26.6,7.388888888888889
1134,1134,23.0,6.388888888888888
1135,1135,19.4,5.388888888888888
1136,1136,16.3,4.527777777777778
1137,1137,14.6,4.055555555555555
1138,1138,14.2,3.944444444444444
1139,1139,14.3,3.9722222222222223
1140,1140,14.6,4.055555555555555
1141,1141,15.1,4.194444444444445
1142,1142,16.4,4.555555555555555
1143,1143,19.1,5.305555555555556
1144,1144,22.5,6.25
1145,1145,24.4,6.777777777777777
1146,1146,24.8,6.888888888888889
1147,1147,22.7,6.305555555555555
1148,1148,17.4,4.833333333333333
1149,1149,13.8,3.8333333333333335
1150,1150,12.0,3.333333333333333
1151,1151,12.0,3.333333333333333
1152,1152,12.0,3.333333333333333
1153,1153,13.9,3.861111111111111
1154,1154,18.8,5.222222222222222
1155,1155,25.1,6.972222222222222
1156,1156,29.8,8.277777777777779
1157,1157,33.8,9.388888888888888
1158,1158,38.2,10.611111111111112
1159,1159,43.4,12.055555555555555
1160,1160,48.9,13.583333333333332
1161,1161,53.8,14.944444444444443
1162,1162,57.8,16.055555555555554
1163,1163,61.5,17.083333333333332
1164,1164,65.0,18.055555555555554
1165,1165,68.4,19.0
1166,1166,71.6,19.888888888888886
1167,1167,73.0,20.27777777777778
1168,1168,74.3,20.63888888888889
1169,1169,76.2,21.166666666666668
1170,1170,77.9,21.63888888888889
1171,1171,79.5,22.083333333333332
1172,1172,81.0,22.5
1173,1173,82.3,22.86111111111111
1174,1174,83.5,23.194444444444443
1175,1175,84.6,23.499999999999996
1176,1176,85.5,23.75
1177,1177,86.3,23.97222222222222
1178,1178,87.1,24.194444444444443
1179,1179,88.1,24.47222222222222
1180,1180,89.1,24.749999999999996
1181,1181,90.1,25.027777777777775
1182,1182,91.0,25.27777777777778
1183,1183,91.7,25.47222222222222
1184,1184,92.3,25.638888888888886
1185,1185,92.8,25.777777777777775
1186,1186,93.1,25.861111111111107
1187,1187,93.1,25.861111111111107
1188,1188,93.1,25.861111111111107
1189,1189,93.1,25.861111111111107
1190,1190,93.1,25.861111111111107
1191,1191,93.1,25.861111111111107
1192,1192,93.1,25.861111111111107
1193,1193,93.1,25.861111111111107
1194,1194,93.1,25.861111111111107
1195,1195,93.1,25.861111111111107
1196,1196,93.2,25.88888888888889
1197,1197,93.2,25.88888888888889
1198,1198,93.3,25.916666666666664
1199,1199,93.7,26.02777777777778
1200,1200,94.2,26.166666666666668
1201,1201,95.0,26.38888888888889
1202,1202,95.8,26.61111111111111
1203,1203,96.4,26.77777777777778
1204,1204,96.8,26.888888888888886
1205,1205,97.0,26.944444444444443
1206,1206,97.1,26.97222222222222
1207,1207,97.2,27.0
1208,1208,97.3,27.027777777777775
1209,1209,97.4,27.055555555555557
1210,1210,97.4,27.055555555555557
1211,1211,97.4,27.055555555555557
1212,1212,97.4,27.055555555555557
1213,1213,97.3,27.027777777777775
1214,1214,97.3,27.027777777777775
1215,1215,97.3,27.027777777777775
1216,1216,97.3,27.027777777777775
1217,1217,97.2,27.0
1218,1218,97.1,26.97222222222222
1219,1219,97.0,26.944444444444443
1220,1220,96.9,26.916666666666668
1221,1221,96.7,26.86111111111111
1222,1222,96.4,26.77777777777778
1223,1223,96.1,26.694444444444443
1224,1224,95.7,26.583333333333332
1225,1225,95.5,26.52777777777778
1226,1226,95.3,26.47222222222222
1227,1227,95.2,26.444444444444443
1228,1228,95.0,26.38888888888889
1229,1229,94.9,26.36111111111111
1230,1230,94.7,26.305555555555557
1231,1231,94.5,26.25
1232,1232,94.4,26.22222222222222
1233,1233,94.4,26.22222222222222
1234,1234,94.3,26.194444444444443
1235,1235,94.3,26.194444444444443
1236,1236,94.1,26.138888888888886
1237,1237,93.9,26.083333333333336
1238,1238,93.4,25.944444444444446
1239,1239,92.8,25.777777777777775
1240,1240,92.0,25.555555555555554
1241,1241,91.3,25.36111111111111
1242,1242,90.6,25.166666666666664
1243,1243,90.0,25.0
1244,1244,89.3,24.805555555555554
1245,1245,88.7,24.63888888888889
1246,1246,88.1,24.47222222222222
1247,1247,87.4,24.27777777777778
1248,1248,86.7,24.083333333333332
1249,1249,86.0,23.88888888888889
1250,1250,85.3,23.694444444444443
1251,1251,84.7,23.52777777777778
1252,1252,84.1,23.36111111111111
1253,1253,83.5,23.194444444444443
1254,1254,82.9,23.02777777777778
1255,1255,82.3,22.86111111111111
1256,1256,81.7,22.694444444444446
1257,1257,81.1,22.527777777777775
1258,1258,80.5,22.36111111111111
1259,1259,79.9,22.194444444444446
1260,1260,79.4,22.055555555555557
1261,1261,79.0,21.944444444444443
1262,1262,78.7,21.86111111111111
1263,1263,78.7,21.86111111111111
1264,1264,78.8,21.88888888888889
1265,1265,79.1,21.97222222222222
1266,1266,79.4,22.055555555555557
1267,1267,79.6,22.11111111111111
1268,1268,79.8,22.166666666666664
1269,1269,79.8,22.166666666666664
1270,1270,79.6,22.11111111111111
1271,1271,79.3,22.027777777777775
1272,1272,78.9,21.916666666666668
1273,1273,78.5,21.805555555555554
1274,1274,78.2,21.72222222222222
1275,1275,77.9,21.63888888888889
1276,1276,77.7,21.583333333333332
1277,1277,77.7,21.583333333333332
1278,1278,77.8,21.61111111111111
1279,1279,77.9,21.63888888888889
1280,1280,78.1,21.694444444444443
1281,1281,78.3,21.75
1282,1282,78.3,21.75
1283,1283,78.4,21.77777777777778
1284,1284,78.4,21.77777777777778
1285,1285,78.4,21.77777777777778
1286,1286,78.2,21.72222222222222
1287,1287,78.0,21.666666666666668
1288,1288,77.7,21.583333333333332
1289,1289,77.3,21.47222222222222
1290,1290,76.9,21.36111111111111
1291,1291,76.6,21.277777777777775
1292,1292,76.2,21.166666666666668
1293,1293,75.7,21.02777777777778
1294,1294,75.2,20.88888888888889
1295,1295,74.7,20.75
1296,1296,74.4,20.666666666666668
1297,1297,74.3,20.63888888888889
1298,1298,74.4,20.666666666666668
1299,1299,74.6,20.72222222222222
1300,1300,74.9,20.805555555555557
1301,1301,75.1,20.86111111111111
1302,1302,75.3,20.916666666666664
1303,1303,75.5,20.97222222222222
1304,1304,75.8,21.055555555555554
1305,1305,75.9,21.083333333333336
1306,1306,76.0,21.11111111111111
1307,1307,76.0,21.11111111111111
1308,1308,76.0,21.11111111111111
1309,1309,75.9,21.083333333333336
1310,1310,75.9,21.083333333333336
1311,1311,75.8,21.055555555555554
1312,1312,75.7,21.02777777777778
1313,1313,75.5,20.97222222222222
1314,1314,75.2,20.88888888888889
1315,1315,75.0,20.833333333333332
1316,1316,74.7,20.75
1317,1317,74.1,20.583333333333332
1318,1318,73.7,20.47222222222222
1319,1319,73.3,20.36111111111111
1320,1320,73.5,20.416666666666668
1321,1321,74.0,20.555555555555554
1322,1322,74.9,20.805555555555557
1323,1323,76.1,21.138888888888886
1324,1324,77.7,21.583333333333332
1325,1325,79.2,22.0
1326,1326,80.3,22.305555555555554
1327,1327,80.8,22.444444444444443
1328,1328,81.0,22.5
1329,1329,81.0,22.5
1330,1330,81.0,22.5
1331,1331,81.0,22.5
1332,1332,81.0,22.5
1333,1333,80.9,22.472222222222225
1334,1334,80.6,22.388888888888886
1335,1335,80.3,22.305555555555554
1336,1336,80.0,22.22222222222222
1337,1337,79.9,22.194444444444446
1338,1338,79.8,22.166666666666664
1339,1339,79.8,22.166666666666664
1340,1340,79.8,22.166666666666664
1341,1341,79.9,22.194444444444446
1342,1342,80.0,22.22222222222222
1343,1343,80.4,22.333333333333336
1344,1344,80.8,22.444444444444443
1345,1345,81.2,22.555555555555557
1346,1346,81.5,22.63888888888889
1347,1347,81.6,22.666666666666664
1348,1348,81.6,22.666666666666664
1349,1349,81.4,22.61111111111111
1350,1350,80.7,22.416666666666668
1351,1351,79.6,22.11111111111111
1352,1352,78.2,21.72222222222222
1353,1353,76.8,21.333333333333332
1354,1354,75.3,20.916666666666664
1355,1355,73.8,20.5
1356,1356,72.1,20.027777777777775
1357,1357,70.2,19.5
1358,1358,68.2,18.944444444444446
1359,1359,66.1,18.36111111111111
1360,1360,63.8,17.72222222222222
1361,1361,61.6,17.11111111111111
1362,1362,60.2,16.72222222222222
1363,1363,59.8,16.61111111111111
1364,1364,60.4,16.77777777777778
1365,1365,61.8,17.166666666666664
1366,1366,62.6,17.38888888888889
1367,1367,62.7,17.416666666666668
1368,1368,61.9,17.194444444444443
1369,1369,60.0,16.666666666666668
1370,1370,58.4,16.22222222222222
1371,1371,57.8,16.055555555555554
1372,1372,57.8,16.055555555555554
1373,1373,57.8,16.055555555555554
1374,1374,57.3,15.916666666666666
1375,1375,56.2,15.61111111111111
1376,1376,54.3,15.083333333333332
1377,1377,50.8,14.11111111111111
1378,1378,45.5,12.63888888888889
1379,1379,40.2,11.166666666666668
1380,1380,34.9,9.694444444444445
1381,1381,29.6,8.222222222222223
1382,1382,27.3,7.583333333333333
1383,1383,29.3,8.13888888888889
1384,1384,32.9,9.138888888888888
1385,1385,35.6,9.88888888888889
1386,1386,36.7,10.194444444444445
1387,1387,37.6,10.444444444444445
1388,1388,39.4,10.944444444444445
1389,1389,42.5,11.805555555555555
1390,1390,46.5,12.916666666666666
1391,1391,50.2,13.944444444444445
1392,1392,52.8,14.666666666666666
1393,1393,54.3,15.083333333333332
1394,1394,54.9,15.25
1395,1395,54.9,15.25
1396,1396,54.7,15.194444444444445
1397,1397,54.1,15.027777777777779
1398,1398,53.2,14.777777777777779
1399,1399,52.1,14.472222222222221
1400,1400,50.7,14.083333333333334
1401,1401,49.1,13.63888888888889
1402,1402,47.4,13.166666666666666
1403,1403,45.2,12.555555555555555
1404,1404,41.8,11.61111111111111
1405,1405,36.5,10.13888888888889
1406,1406,31.2,8.666666666666666
1407,1407,27.6,7.666666666666667
1408,1408,26.9,7.472222222222221
1409,1409,27.3,7.583333333333333
1410,1410,27.5,7.638888888888888
1411,1411,27.4,7.611111111111111
1412,1412,27.1,7.527777777777778
1413,1413,26.7,7.416666666666666
1414,1414,26.8,7.444444444444445
1415,1415,28.2,7.833333333333333
1416,1416,31.1,8.63888888888889
1417,1417,34.8,9.666666666666666
1418,1418,38.4,10.666666666666666
1419,1419,40.9,11.36111111111111
1420,1420,41.7,11.583333333333334
1421,1421,40.9,11.36111111111111
1422,1422,38.3,10.638888888888888
1423,1423,35.3,9.805555555555555
1424,1424,34.3,9.527777777777777
1425,1425,34.6,9.61111111111111
1426,1426,36.3,10.083333333333332
1427,1427,39.5,10.972222222222221
1428,1428,41.8,11.61111111111111
1429,1429,42.5,11.805555555555555
1430,1430,41.9,11.638888888888888
1431,1431,40.1,11.13888888888889
1432,1432,36.6,10.166666666666666
1433,1433,31.3,8.694444444444445
1434,1434,26.0,7.222222222222222
1435,1435,20.6,5.722222222222222
1436,1436,19.1,5.305555555555556
1437,1437,19.7,5.472222222222222
1438,1438,21.1,5.861111111111112
1439,1439,22.0,6.111111111111111
1440,1440,22.1,6.138888888888889
1441,1441,21.4,5.944444444444444
1442,1442,19.6,5.444444444444445
1443,1443,18.3,5.083333333333333
1444,1444,18.0,5.0
1445,1445,18.3,5.083333333333333
1446,1446,18.5,5.138888888888888
1447,1447,17.9,4.972222222222221
1448,1448,15.0,4.166666666666667
1449,1449,9.9,2.75
1450,1450,4.6,1.2777777777777777
1451,1451,1.2,0.3333333333333333
1452,1452,0.0,0.0
1453,1453,0.0,0.0
1454,1454,0.0,0.0
1455,1455,0.0,0.0
1456,1456,0.0,0.0
1457,1457,0.0,0.0
1458,1458,0.0,0.0
1459,1459,0.0,0.0
1460,1460,0.0,0.0
1461,1461,0.0,0.0
1462,1462,0.0,0.0
1463,1463,0.0,0.0
1464,1464,0.0,0.0
1465,1465,0.0,0.0
1466,1466,0.0,0.0
1467,1467,0.0,0.0
1468,1468,0.0,0.0
1469,1469,0.0,0.0
1470,1470,0.0,0.0
1471,1471,0.0,0.0
1472,1472,0.0,0.0
1473,1473,0.0,0.0
1474,1474,0.0,0.0
1475,1475,0.0,0.0
1476,1476,0.0,0.0
1477,1477,0.0,0.0
1478,1478,0.0,0.0
1479,1479,2.2,0.6111111111111112
1480,1480,4.4,1.2222222222222223
1481,1481,6.3,1.75
1482,1482,7.9,2.1944444444444446
1483,1483,9.2,2.5555555555555554
1484,1484,10.4,2.888888888888889
1485,1485,11.5,3.194444444444444
1486,1486,12.9,3.5833333333333335
1487,1487,14.7,4.083333333333333
1488,1488,17.0,4.722222222222222
1489,1489,19.8,5.5
1490,1490,23.1,6.416666666666667
1491,1491,26.7,7.416666666666666
1492,1492,30.5,8.472222222222221
1493,1493,34.1,9.472222222222223
1494,1494,37.5,10.416666666666666
1495,1495,40.6,11.277777777777779
1496,1496,43.3,12.027777777777777
1497,1497,45.7,12.694444444444445
1498,1498,47.7,13.25
1499,1499,49.3,13.694444444444443
1500,1500,50.5,14.027777777777777
1501,1501,51.3,14.249999999999998
1502,1502,52.1,14.472222222222221
1503,1503,52.7,14.63888888888889
1504,1504,53.4,14.833333333333332
1505,1505,54.0,15.0
1506,1506,54.5,15.13888888888889
1507,1507,55.0,15.277777777777777
1508,1508,55.6,15.444444444444445
1509,1509,56.3,15.638888888888888
1510,1510,57.2,15.88888888888889
1511,1511,58.5,16.25
1512,1512,60.2,16.72222222222222
1513,1513,62.3,17.305555555555554
1514,1514,64.7,17.97222222222222
1515,1515,67.1,18.638888888888886
1516,1516,69.2,19.22222222222222
1517,1517,70.7,19.63888888888889
1518,1518,71.9,19.972222222222225
1519,1519,72.7,20.194444444444446
1520,1520,73.4,20.38888888888889
1521,1521,73.8,20.5
1522,1522,74.1,20.583333333333332
1523,1523,74.0,20.555555555555554
1524,1524,73.6,20.444444444444443
1525,1525,72.5,20.13888888888889
1526,1526,70.8,19.666666666666664
1527,1527,68.6,19.055555555555554
1528,1528,66.2,18.38888888888889
1529,1529,64.0,17.77777777777778
1530,1530,62.2,17.27777777777778
1531,1531,60.9,16.916666666666664
1532,1532,60.2,16.72222222222222
1533,1533,60.0,16.666666666666668
1534,1534,60.4,16.77777777777778
1535,1535,61.4,17.055555555555554
1536,1536,63.2,17.555555555555557
1537,1537,65.6,18.22222222222222
1538,1538,68.4,19.0
1539,1539,71.6,19.888888888888886
1540,1540,74.9,20.805555555555557
1541,1541,78.4,21.77777777777778
1542,1542,81.8,22.72222222222222
1543,1543,84.9,23.583333333333336
1544,1544,87.4,24.27777777777778
1545,1545,89.0,24.72222222222222
1546,1546,90.0,25.0
1547,1547,90.6,25.166666666666664
1548,1548,91.0,25.27777777777778
1549,1549,91.5,25.416666666666664
1550,1550,92.0,25.555555555555554
1551,1551,92.7,25.75
1552,1552,93.4,25.944444444444446
1553,1553,94.2,26.166666666666668
1554,1554,94.9,26.36111111111111
1555,1555,95.7,26.583333333333332
1556,1556,96.6,26.833333333333332
1557,1557,97.7,27.13888888888889
1558,1558,98.9,27.47222222222222
1559,1559,100.4,27.88888888888889
1560,1560,102.0,28.333333333333332
1561,1561,103.6,28.777777777777775
1562,1562,105.2,29.22222222222222
1563,1563,106.8,29.666666666666664
1564,1564,108.5,30.13888888888889
1565,1565,110.2,30.61111111111111
1566,1566,111.9,31.083333333333336
1567,1567,113.7,31.583333333333332
1568,1568,115.3,32.02777777777778
1569,1569,116.8,32.44444444444444
1570,1570,118.2,32.833333333333336
1571,1571,119.5,33.19444444444444
1572,1572,120.7,33.52777777777778
1573,1573,121.8,33.83333333333333
1574,1574,122.6,34.05555555555555
1575,1575,123.2,34.22222222222222
1576,1576,123.6,34.33333333333333
1577,1577,123.7,34.361111111111114
1578,1578,123.6,34.33333333333333
1579,1579,123.3,34.25
1580,1580,123.0,34.166666666666664
1581,1581,122.5,34.02777777777778
1582,1582,122.1,33.916666666666664
1583,1583,121.5,33.75
1584,1584,120.8,33.55555555555556
1585,1585,120.0,33.333333333333336
1586,1586,119.1,33.08333333333333
1587,1587,118.1,32.80555555555555
1588,1588,117.1,32.52777777777778
1589,1589,116.2,32.27777777777778
1590,1590,115.5,32.083333333333336
1591,1591,114.9,31.916666666666668
1592,1592,114.5,31.805555555555554
1593,1593,114.1,31.694444444444443
1594,1594,113.9,31.63888888888889
1595,1595,113.7,31.583333333333332
1596,1596,113.3,31.47222222222222
1597,1597,112.9,31.36111111111111
1598,1598,112.2,31.166666666666668
1599,1599,111.4,30.944444444444446
1600,1600,110.5,30.694444444444443
1601,1601,109.5,30.416666666666664
1602,1602,108.5,30.13888888888889
1603,1603,107.7,29.916666666666668
1604,1604,107.1,29.749999999999996
1605,1605,106.6,29.611111111111107
1606,1606,106.4,29.555555555555557
1607,1607,106.2,29.5
1608,1608,106.2,29.5
1609,1609,106.2,29.5
1610,1610,106.4,29.555555555555557
1611,1611,106.5,29.583333333333332
1612,1612,106.8,29.666666666666664
1613,1613,107.2,29.77777777777778
1614,1614,107.8,29.944444444444443
1615,1615,108.5,30.13888888888889
1616,1616,109.4,30.38888888888889
1617,1617,110.5,30.694444444444443
1618,1618,111.7,31.02777777777778
1619,1619,113.0,31.38888888888889
1620,1620,114.1,31.694444444444443
1621,1621,115.1,31.97222222222222
1622,1622,115.9,32.19444444444444
1623,1623,116.5,32.36111111111111
1624,1624,116.7,32.416666666666664
1625,1625,116.6,32.388888888888886
1626,1626,116.2,32.27777777777778
1627,1627,115.2,32.0
1628,1628,113.8,31.61111111111111
1629,1629,112.0,31.11111111111111
1630,1630,110.1,30.583333333333332
1631,1631,108.3,30.083333333333332
1632,1632,107.0,29.72222222222222
1633,1633,106.1,29.47222222222222
1634,1634,105.8,29.388888888888886
1635,1635,105.7,29.36111111111111
1636,1636,105.7,29.36111111111111
1637,1637,105.6,29.333333333333332
1638,1638,105.3,29.25
1639,1639,104.9,29.13888888888889
1640,1640,104.4,29.0
1641,1641,104.0,28.88888888888889
1642,1642,103.8,28.833333333333332
1643,1643,103.9,28.86111111111111
1644,1644,104.4,29.0
1645,1645,105.1,29.194444444444443
1646,1646,106.1,29.47222222222222
1647,1647,107.2,29.77777777777778
1648,1648,108.5,30.13888888888889
1649,1649,109.9,30.52777777777778
1650,1650,111.3,30.916666666666664
1651,1651,112.7,31.305555555555557
1652,1652,113.9,31.63888888888889
1653,1653,115.0,31.944444444444443
1654,1654,116.0,32.22222222222222
1655,1655,116.8,32.44444444444444
1656,1656,117.6,32.666666666666664
1657,1657,118.4,32.88888888888889
1658,1658,119.2,33.111111111111114
1659,1659,120.0,33.333333333333336
1660,1660,120.8,33.55555555555556
1661,1661,121.6,33.77777777777778
1662,1662,122.3,33.97222222222222
1663,1663,123.1,34.19444444444444
1664,1664,123.8,34.388888888888886
1665,1665,124.4,34.55555555555556
1666,1666,125.0,34.72222222222222
1667,1667,125.4,34.833333333333336
1668,1668,125.8,34.94444444444444
1669,1669,126.1,35.02777777777778
1670,1670,126.4,35.111111111111114
1671,1671,126.6,35.166666666666664
1672,1672,126.7,35.19444444444444
1673,1673,126.8,35.22222222222222
1674,1674,126.9,35.25
1675,1675,126.9,35.25
1676,1676,126.9,35.25
1677,1677,126.8,35.22222222222222
1678,1678,126.6,35.166666666666664
1679,1679,126.3,35.08333333333333
1680,1680,126.0,35.0
1681,1681,125.7,34.916666666666664
1682,1682,125.6,34.888888888888886
1683,1683,125.6,34.888888888888886
1684,1684,125.8,34.94444444444444
1685,1685,126.2,35.05555555555556
1686,1686,126.6,35.166666666666664
1687,1687,127.0,35.27777777777778
1688,1688,127.4,35.38888888888889
1689,1689,127.6,35.44444444444444
1690,1690,127.8,35.5
1691,1691,127.9,35.52777777777778
1692,1692,128.0,35.55555555555556
1693,1693,128.1,35.58333333333333
1694,1694,128.2,35.61111111111111
1695,1695,128.3,35.63888888888889
1696,1696,128.4,35.666666666666664
1697,1697,128.5,35.69444444444444
1698,1698,128.6,35.72222222222222
1699,1699,128.6,35.72222222222222
1700,1700,128.5,35.69444444444444
1701,1701,128.3,35.63888888888889
1702,1702,128.1,35.58333333333333
1703,1703,127.9,35.52777777777778
1704,1704,127.6,35.44444444444444
1705,1705,127.4,35.38888888888889
1706,1706,127.2,35.333333333333336
1707,1707,127.0,35.27777777777778
1708,1708,126.9,35.25
1709,1709,126.8,35.22222222222222
1710,1710,126.7,35.19444444444444
1711,1711,126.8,35.22222222222222
1712,1712,126.9,35.25
1713,1713,127.1,35.30555555555555
1714,1714,127.4,35.38888888888889
1715,1715,127.7,35.47222222222222
1716,1716,128.1,35.58333333333333
1717,1717,128.5,35.69444444444444
1718,1718,129.0,35.833333333333336
1719,1719,129.5,35.97222222222222
1720,1720,130.1,36.138888888888886
1721,1721,130.6,36.27777777777778
1722,1722,131.0,36.388888888888886
1723,1723,131.2,36.44444444444444
1724,1724,131.3,36.47222222222222
1725,1725,131.2,36.44444444444444
1726,1726,130.7,36.30555555555555
1727,1727,129.8,36.05555555555556
1728,1728,128.4,35.666666666666664
1729,1729,126.5,35.138888888888886
1730,1730,124.1,34.47222222222222
1731,1731,121.6,33.77777777777778
1732,1732,119.0,33.05555555555556
1733,1733,116.5,32.36111111111111
1734,1734,114.1,31.694444444444443
1735,1735,111.8,31.055555555555554
1736,1736,109.5,30.416666666666664
1737,1737,107.1,29.749999999999996
1738,1738,104.8,29.11111111111111
1739,1739,102.5,28.47222222222222
1740,1740,100.4,27.88888888888889
1741,1741,98.6,27.388888888888886
1742,1742,97.2,27.0
1743,1743,95.9,26.63888888888889
1744,1744,94.8,26.333333333333332
1745,1745,93.8,26.055555555555554
1746,1746,92.8,25.777777777777775
1747,1747,91.8,25.5
1748,1748,91.0,25.27777777777778
1749,1749,90.2,25.055555555555557
1750,1750,89.6,24.888888888888886
1751,1751,89.1,24.749999999999996
1752,1752,88.6,24.611111111111107
1753,1753,88.1,24.47222222222222
1754,1754,87.6,24.333333333333332
1755,1755,87.1,24.194444444444443
1756,1756,86.6,24.055555555555554
1757,1757,86.1,23.916666666666664
1758,1758,85.5,23.75
1759,1759,85.0,23.61111111111111
1760,1760,84.4,23.444444444444446
1761,1761,83.8,23.277777777777775
1762,1762,83.2,23.11111111111111
1763,1763,82.6,22.944444444444443
1764,1764,82.0,22.77777777777778
1765,1765,81.3,22.583333333333332
1766,1766,80.4,22.333333333333336
1767,1767,79.1,21.97222222222222
1768,1768,77.4,21.5
1769,1769,75.1,20.86111111111111
1770,1770,72.3,20.083333333333332
1771,1771,69.1,19.194444444444443
1772,1772,65.9,18.305555555555557
1773,1773,62.7,17.416666666666668
1774,1774,59.7,16.583333333333332
1775,1775,57.0,15.833333333333332
1776,1776,54.6,15.166666666666666
1777,1777,52.2,14.5
1778,1778,49.7,13.805555555555555
1779,1779,46.8,12.999999999999998
1780,1780,43.5,12.083333333333332
1781,1781,39.9,11.083333333333332
1782,1782,36.4,10.11111111111111
1783,1783,33.2,9.222222222222223
1784,1784,30.5,8.472222222222221
1785,1785,28.3,7.861111111111111
1786,1786,26.3,7.305555555555555
1787,1787,24.4,6.777777777777777
1788,1788,22.5,6.25
1789,1789,20.5,5.694444444444445
1790,1790,18.2,5.055555555555555
1791,1791,15.5,4.305555555555555
1792,1792,12.3,3.416666666666667
1793,1793,8.7,2.4166666666666665
1794,1794,5.2,1.4444444444444444
1795,1795,0.0,0.0
1796,1796,0.0,0.0
1797,1797,0.0,0.0
1798,1798,0.0,0.0
1799,1799,0.0,0.0
1800,1800,0.0,0.0
